REGION,PROVINCIA,DISTRITO,LOCALIDAD
CUSCO,ACOMAYO,ACOMAYO,ACCHA ACCHA
CUSCO,ACOMAYO,ACOMAYO,ACOMAYO - NEAREST 2KM
CUSCO,ACOMAYO,ACOMAYO,ANTAPUNCO
CUSCO,ACOMAYO,ACOMAYO,CALLANCA
CUSCO,ACOMAYO,ACOMAYO,CANCHAHUIQQUI
CUSCO,ACOMAYO,ACOMAYO,CCOLLPA
CUSCO,ACOMAYO,ACOMAYO,CONYAC
CUSCO,ACOMAYO,ACOMAYO,HUAMANRURO
CUSCO,ACOMAYO,ACOMAYO,PUCACCASA
CUSCO,ACOMAYO,ACOMAYO,TOCCORAY
CUSCO,ACOMAYO,ACOPIA,ACOPIA - NEAREST 2KM
CUSCO,ACOMAYO,ACOS,ACOS - NEAREST 2KM
CUSCO,ACOMAYO,ACOS,CAMPI
CUSCO,ACOMAYO,ACOS,CONCUNYA
CUSCO,ACOMAYO,ACOS,PUCARA
CUSCO,ACOMAYO,ACOS,RONDOCAN - NEAREST 2KM
CUSCO,ACOMAYO,ACOS,SANTA MARIA
CUSCO,ACOMAYO,ACOS,SAPOPAMPA
CUSCO,ACOMAYO,ACOS,UNCACCAPA
CUSCO,ACOMAYO,ACOS,YUTO
CUSCO,ACOMAYO,MOSOC LLACTA,MOSOC LLACTA - NEAREST 2KM
CUSCO,ACOMAYO,POMACANCHI,ACOPIA - NEAREST 2KM
CUSCO,ACOMAYO,POMACANCHI,ACOS - NEAREST 2KM
CUSCO,ACOMAYO,POMACANCHI,CANCHANURA
CUSCO,ACOMAYO,POMACANCHI,CAPUYO
CUSCO,ACOMAYO,POMACANCHI,CCARANCCARAN
CUSCO,ACOMAYO,POMACANCHI,CHAQUI PUGIO
CUSCO,ACOMAYO,POMACANCHI,CHORACA
CUSCO,ACOMAYO,POMACANCHI,MANCO
CUSCO,ACOMAYO,POMACANCHI,POMACANCHI - NEAREST 2KM
CUSCO,ACOMAYO,POMACANCHI,QUISCA CANCHA
CUSCO,ACOMAYO,POMACANCHI,SANGARARA - NEAREST 2KM
CUSCO,ACOMAYO,POMACANCHI,TOCCORANI
CUSCO,ACOMAYO,POMACANCHI,WIRACCOLCCA
CUSCO,ACOMAYO,RONDOCAN,ACOMAYO - NEAREST 2KM
CUSCO,ACOMAYO,RONDOCAN,CONCUNYA
CUSCO,ACOMAYO,RONDOCAN,HUARO - NEAREST 2KM
CUSCO,ACOMAYO,RONDOCAN,PATACANCHA
CUSCO,ACOMAYO,RONDOCAN,QUEHUARPAMPA
CUSCO,ACOMAYO,RONDOCAN,RONDOCAN - NEAREST 2KM
CUSCO,ACOMAYO,RONDOCAN,SANTA MARIA
CUSCO,ACOMAYO,RONDOCAN,SILLWISQA
CUSCO,ACOMAYO,RONDOCAN,SONDOR
CUSCO,ACOMAYO,RONDOCAN,TOCTOPAMPA
CUSCO,ACOMAYO,RONDOCAN,TTIMPOR
CUSCO,ACOMAYO,RONDOCAN,YANACOCHA
CUSCO,ACOMAYO,SANGARARA,ACCOCUNCA
CUSCO,ACOMAYO,SANGARARA,ACOMAYO - NEAREST 2KM
CUSCO,ACOMAYO,SANGARARA,HUANCANAHUI
CUSCO,ACOMAYO,SANGARARA,KACSATA
CUSCO,ACOMAYO,SANGARARA,PUNAPAMPA (PURUTANI)
CUSCO,ACOMAYO,SANGARARA,SANGARARA - NEAREST 2KM
CUSCO,ANTA,ANCAHUASI,ANCAHUASI - NEAREST 2KM
CUSCO,ANTA,ANCAHUASI,HUAROCONDO - NEAREST 2KM
CUSCO,ANTA,ANCAHUASI,HUILLCCARARA
CUSCO,ANTA,ANCAHUASI,LIMATAMBO - NEAREST 2KM
CUSCO,ANTA,ANCAHUASI,PUMAPATA
CUSCO,ANTA,ANTA,ANTA - NEAREST 2KM
CUSCO,ANTA,ANTA,QUEHUARNIYOC
CUSCO,ANTA,CACHIMAYO,CUSCO - NEAREST 2KM
CUSCO,ANTA,CHINCHAYPUJIO,CAPILLASA
CUSCO,ANTA,CHINCHAYPUJIO,CCAPAHUAYLLA
CUSCO,ANTA,CHINCHAYPUJIO,CHINCHAYPUJIO - NEAREST 2KM
CUSCO,ANTA,CHINCHAYPUJIO,CHUYPA
CUSCO,ANTA,CHINCHAYPUJIO,COILCA
CUSCO,ANTA,CHINCHAYPUJIO,CONDOR PUNUNA
CUSCO,ANTA,CHINCHAYPUJIO,HUAMANCHARPA
CUSCO,ANTA,CHINCHAYPUJIO,HUANCARPATA
CUSCO,ANTA,CHINCHAYPUJIO,HUANEC
CUSCO,ANTA,CHINCHAYPUJIO,HUMAHUAYLLA
CUSCO,ANTA,CHINCHAYPUJIO,ICHILLIHUAY
CUSCO,ANTA,CHINCHAYPUJIO,IVIN
CUSCO,ANTA,CHINCHAYPUJIO,KELLOCORRAL
CUSCO,ANTA,CHINCHAYPUJIO,PAMPACHALLAY
CUSCO,ANTA,CHINCHAYPUJIO,PAMPAHUASI
CUSCO,ANTA,CHINCHAYPUJIO,PANCAPAMPA
CUSCO,ANTA,CHINCHAYPUJIO,PAUCCARCCOTO
CUSCO,ANTA,CHINCHAYPUJIO,PERAHUAYCO
CUSCO,ANTA,CHINCHAYPUJIO,PUCAHUAYLLA
CUSCO,ANTA,CHINCHAYPUJIO,QUESPECCPATA
CUSCO,ANTA,CHINCHAYPUJIO,ROCCOTO
CUSCO,ANTA,CHINCHAYPUJIO,TAMBORADA
CUSCO,ANTA,CHINCHAYPUJIO,TOTORA
CUSCO,ANTA,CHINCHAYPUJIO,ZAMANCCA
CUSCO,ANTA,HUAROCONDO,CACLLAY
CUSCO,ANTA,HUAROCONDO,CHIARA
CUSCO,ANTA,HUAROCONDO,CHUSPIYOC
CUSCO,ANTA,HUAROCONDO,HUAROCONDO - NEAREST 2KM
CUSCO,ANTA,HUAROCONDO,MAHUAYPATA
CUSCO,ANTA,HUAROCONDO,MANCAPUGIO
CUSCO,ANTA,HUAROCONDO,OLLANTAYTAMBO - NEAREST 2KM
CUSCO,ANTA,HUAROCONDO,SAYLLAHUAYCCO
CUSCO,ANTA,HUAROCONDO,SULLICANCHA
CUSCO,ANTA,HUAROCONDO,TURPAY
CUSCO,ANTA,HUAROCONDO,WISCACHANAYOCPATA
CUSCO,ANTA,LIMATAMBO,CALLARACAY
CUSCO,ANTA,LIMATAMBO,CHAQUIL
CUSCO,ANTA,LIMATAMBO,CHITA
CUSCO,ANTA,LIMATAMBO,CONCAHUAYLLA
CUSCO,ANTA,LIMATAMBO,HUMANTAY PAMPA
CUSCO,ANTA,LIMATAMBO,LECHERIA
CUSCO,ANTA,LIMATAMBO,LIMATAMBO - NEAREST 2KM
CUSCO,ANTA,LIMATAMBO,MOLLEPATA - NEAREST 2KM
CUSCO,ANTA,LIMATAMBO,OLLANTAYTAMBO - NEAREST 2KM
CUSCO,ANTA,LIMATAMBO,PIVIL
CUSCO,ANTA,LIMATAMBO,POCPOC
CUSCO,ANTA,LIMATAMBO,QUEHUINCHA
CUSCO,ANTA,LIMATAMBO,QUELLHUACOCHA
CUSCO,ANTA,LIMATAMBO,QUELLON
CUSCO,ANTA,LIMATAMBO,TOCCOBAMBA
CUSCO,ANTA,LIMATAMBO,YANACCULLO
CUSCO,ANTA,MOLLEPATA,ACCONCCA
CUSCO,ANTA,MOLLEPATA,CHANANPAMPA
CUSCO,ANTA,MOLLEPATA,CHUNONA
CUSCO,ANTA,MOLLEPATA,CURAHUASI - NEAREST 2KM
CUSCO,ANTA,MOLLEPATA,HUARANCAYNIYOC
CUSCO,ANTA,MOLLEPATA,HUMANTAY PAMPA
CUSCO,ANTA,MOLLEPATA,LANBRASMOCCO
CUSCO,ANTA,MOLLEPATA,LIMATAMBO - NEAREST 2KM
CUSCO,ANTA,MOLLEPATA,LINFI
CUSCO,ANTA,MOLLEPATA,MALLAO
CUSCO,ANTA,MOLLEPATA,MOLLEPATA - NEAREST 2KM
CUSCO,ANTA,MOLLEPATA,SAN FRANCISCO
CUSCO,ANTA,MOLLEPATA,SANTA ANA
CUSCO,ANTA,MOLLEPATA,SANTA TERESA - NEAREST 2KM
CUSCO,ANTA,MOLLEPATA,TOMATE
CUSCO,ANTA,MOLLEPATA,UNURAQUINA (UNURAQUINA)
CUSCO,ANTA,MOLLEPATA,VISCACHANAYOC
CUSCO,ANTA,PUCYURA,PUCYURA - NEAREST 2KM
CUSCO,ANTA,ZURITE,ZURITE - NEAREST 2KM
CUSCO,CALCA,CALCA,CALCA - NEAREST 2KM
CUSCO,CALCA,CALCA,CANCHA CANCHA
CUSCO,CALCA,CALCA,CHARAN
CUSCO,CALCA,COYA,COYA - NEAREST 2KM
CUSCO,CALCA,LAMAY,LAMAY - NEAREST 2KM
CUSCO,CALCA,LAMAY,OQUECCASA
CUSCO,CALCA,LARES,CCANCCAU
CUSCO,CALCA,LARES,CCAPAC MACHAY
CUSCO,CALCA,LARES,CCOCHAPATA
CUSCO,CALCA,LARES,CCOCHAYOC
CUSCO,CALCA,LARES,CCOYLLOBAMBA
CUSCO,CALCA,LARES,CHALLABAMBA - NEAREST 2KM
CUSCO,CALCA,LARES,CHILLCAPAMPA
CUSCO,CALCA,LARES,CHILLIMA
CUSCO,CALCA,LARES,CONDICION
CUSCO,CALCA,LARES,CORA CORA
CUSCO,CALCA,LARES,HUALLOPATA
CUSCO,CALCA,LARES,HUAYNAPATA (HUAYLLAPATA)
CUSCO,CALCA,LARES,INCASCANCHA
CUSCO,CALCA,LARES,LARES - NEAREST 2KM
CUSCO,CALCA,LARES,MANTUYOC
CUSCO,CALCA,LARES,PAUCARPATA
CUSCO,CALCA,LARES,PUMAPUNCO
CUSCO,CALCA,LARES,PUNCUCCASA
CUSCO,CALCA,LARES,QEQEQ
CUSCO,CALCA,LARES,QESAN
CUSCO,CALCA,LARES,QOLLANA
CUSCO,CALCA,LARES,QUEBRADA HONDA - NEAREST 2KM
CUSCO,CALCA,LARES,ROQUEPUCYO
CUSCO,CALCA,LARES,SAYACRUMI
CUSCO,CALCA,LARES,YURACTORUYOC
CUSCO,CALCA,PISAC,AMARU
CUSCO,CALCA,PISAC,COLQUEPATA - NEAREST 2KM
CUSCO,CALCA,PISAC,COYA - NEAREST 2KM
CUSCO,CALCA,PISAC,PAMPALLACTA
CUSCO,CALCA,PISAC,PISAC - NEAREST 2KM
CUSCO,CALCA,PISAC,SACACA
CUSCO,CALCA,PISAC,YURACC HUNUYOCC
CUSCO,CALCA,SAN SALVADOR,CABRACANCHA (PARCOR ALTO)
CUSCO,CALCA,SAN SALVADOR,CHAMPACANCHA
CUSCO,CALCA,SAN SALVADOR,PUCARA
CUSCO,CALCA,SAN SALVADOR,SAN SALVADOR - NEAREST 2KM
CUSCO,CALCA,TARAY,PISAC - NEAREST 2KM
CUSCO,CALCA,TARAY,TARAY - NEAREST 2KM
CUSCO,CALCA,YANATILE,CAMPANAYOC
CUSCO,CALCA,YANATILE,CCARON
CUSCO,CALCA,YANATILE,CCORIMAYO
CUSCO,CALCA,YANATILE,CCUCHUYOC
CUSCO,CALCA,YANATILE,CCULLOBAMBA
CUSCO,CALCA,YANATILE,CEDROPATA
CUSCO,CALCA,YANATILE,CHAUPIORCCO
CUSCO,CALCA,YANATILE,CHURUYOC
CUSCO,CALCA,YANATILE,ESTRELLA
CUSCO,CALCA,YANATILE,FLORIDAYOC
CUSCO,CALCA,YANATILE,HORNOPAMPA
CUSCO,CALCA,YANATILE,HORNOPAMPA LOROHUACHANA
CUSCO,CALCA,YANATILE,ICHIO
CUSCO,CALCA,YANATILE,ICHUCA
CUSCO,CALCA,YANATILE,INCA ANDENNIYOC
CUSCO,CALCA,YANATILE,INCASCANCHA
CUSCO,CALCA,YANATILE,KILLIPATA
CUSCO,CALCA,YANATILE,LECHEMAYO
CUSCO,CALCA,YANATILE,MARAMPAMPA
CUSCO,CALCA,YANATILE,MESAPATA 3
CUSCO,CALCA,YANATILE,MOLLEC
CUSCO,CALCA,YANATILE,NARANJAYOC
CUSCO,CALCA,YANATILE,OCOBAMBA /7 - NEAREST 2KM
CUSCO,CALCA,YANATILE,PACCHAC 2
CUSCO,CALCA,YANATILE,PALLAR
CUSCO,CALCA,YANATILE,PALMANAYOC
CUSCO,CALCA,YANATILE,PAYLABAMBA
CUSCO,CALCA,YANATILE,PUCARA
CUSCO,CALCA,YANATILE,QUEBRADA HONDA - NEAREST 2KM
CUSCO,CALCA,YANATILE,QUELLOUNO - NEAREST 2KM
CUSCO,CALCA,YANATILE,RATA RATAYOC
CUSCO,CALCA,YANATILE,RETIRO DEL CARMEN 2
CUSCO,CALCA,YANATILE,RIOBAMBA
CUSCO,CALCA,YANATILE,SAN ANTONIO 2
CUSCO,CALCA,YANATILE,SAN JOSE
CUSCO,CALCA,YANATILE,SAN MIGUEL
CUSCO,CALCA,YANATILE,SANTA ELENA
CUSCO,CALCA,YANATILE,SARAHUASI
CUSCO,CALCA,YANATILE,TARAYOC
CUSCO,CALCA,YANATILE,TUNASPATA
CUSCO,CALCA,YANATILE,YUPANQUI
CUSCO,CALCA,YANATILE,YURACTORUYOC
CUSCO,CANAS,CHECCA,ALTO SAUSAYA
CUSCO,CANAS,CHECCA,ALTO SOROMISA
CUSCO,CANAS,CHECCA,ANTACCARCCA
CUSCO,CANAS,CHECCA,CALVARIO
CUSCO,CANAS,CHECCA,CCASANTA
CUSCO,CANAS,CHECCA,CCAYARANI
CUSCO,CANAS,CHECCA,CCAYHUA ORCCOCCA
CUSCO,CANAS,CHECCA,CCOMAYO
CUSCO,CANAS,CHECCA,CHACAPATA
CUSCO,CANAS,CHECCA,CHANI CENTRAL
CUSCO,CANAS,CHECCA,CHAQUENA
CUSCO,CANAS,CHECCA,CHECCA - NEAREST 2KM
CUSCO,CANAS,CHECCA,CHILA
CUSCO,CANAS,CHECCA,CHILUYO
CUSCO,CANAS,CHECCA,CHIUCHIRI
CUSCO,CANAS,CHECCA,CHULLUNQUIANI
CUSCO,CANAS,CHECCA,HATUN TUCSA
CUSCO,CANAS,CHECCA,HUACRAHUACHO QUILLIHUARA
CUSCO,CANAS,CHECCA,HUAYTO
CUSCO,CANAS,CHECCA,IRUBAMBA
CUSCO,CANAS,CHECCA,JANAPAMPA
CUSCO,CANAS,CHECCA,KISIO
CUSCO,CANAS,CHECCA,KUTY HANANSAYA
CUSCO,CANAS,CHECCA,LARAMANI
CUSCO,CANAS,CHECCA,MALLCUNACA
CUSCO,CANAS,CHECCA,MANURA
CUSCO,CANAS,CHECCA,PAMPA CUCHO
CUSCO,CANAS,CHECCA,PARCCOMA
CUSCO,CANAS,CHECCA,PATILLANI
CUSCO,CANAS,CHECCA,PUCARA
CUSCO,CANAS,CHECCA,QHORA PUKARA
CUSCO,CANAS,CHECCA,QUILCANI
CUSCO,CANAS,CHECCA,QUILLIHUARA BAJO
CUSCO,CANAS,CHECCA,RUMICHACA
CUSCO,CANAS,CHECCA,SANOHUIRE
CUSCO,CANAS,CHECCA,SANTA CRUZ
CUSCO,CANAS,CHECCA,SOROMISA
CUSCO,CANAS,CHECCA,TARUCUYO
CUSCO,CANAS,CHECCA,TECCOPAMPA
CUSCO,CANAS,CHECCA,YAURICHACA
CUSCO,CANAS,KUNTURKANKI,ALTO NEVADO
CUSCO,CANAS,KUNTURKANKI,AMAYANI
CUSCO,CANAS,KUNTURKANKI,ANTACCARCCA
CUSCO,CANAS,KUNTURKANKI,BALCON CCACCA
CUSCO,CANAS,KUNTURKANKI,BUENA VISTA
CUSCO,CANAS,KUNTURKANKI,CCUCHUCHU
CUSCO,CANAS,KUNTURKANKI,CHAMBILLA
CUSCO,CANAS,KUNTURKANKI,CHIHUINAIRA
CUSCO,CANAS,KUNTURKANKI,CUSIBAMBA
CUSCO,CANAS,KUNTURKANKI,EL DESCANSO - NEAREST 2KM
CUSCO,CANAS,KUNTURKANKI,ETURUTA
CUSCO,CANAS,KUNTURKANKI,HUARACONI
CUSCO,CANAS,KUNTURKANKI,JAJATA
CUSCO,CANAS,KUNTURKANKI,JEHUANI CHUNI
CUSCO,CANAS,KUNTURKANKI,KACSILLE
CUSCO,CANAS,KUNTURKANKI,LANGUI - NEAREST 2KM
CUSCO,CANAS,KUNTURKANKI,MALLCUNACA
CUSCO,CANAS,KUNTURKANKI,OQUEBAMBA
CUSCO,CANAS,KUNTURKANKI,PAKOBAMBA
CUSCO,CANAS,KUNTURKANKI,PAMPACHULLA
CUSCO,CANAS,KUNTURKANKI,PARQUI
CUSCO,CANAS,KUNTURKANKI,PATILLANI
CUSCO,CANAS,KUNTURKANKI,PICHIGUA - NEAREST 2KM
CUSCO,CANAS,KUNTURKANKI,PUCACANCHA
CUSCO,CANAS,KUNTURKANKI,PULLA PULLA
CUSCO,CANAS,KUNTURKANKI,QUILCANI
CUSCO,CANAS,KUNTURKANKI,SEPAPAMPA
CUSCO,CANAS,KUNTURKANKI,THUSA SOCLLA
CUSCO,CANAS,KUNTURKANKI,TUMARAYA
CUSCO,CANAS,KUNTURKANKI,UYURMIRE
CUSCO,CANAS,KUNTURKANKI,YURAC CANCHA
CUSCO,CANAS,LANGUI,COLOMAYO TOTORANI
CUSCO,CANAS,LANGUI,LANGUI - NEAREST 2KM
CUSCO,CANAS,LANGUI,PUCA KANCHA
CUSCO,CANAS,LANGUI,YANAOCA - NEAREST 2KM
CUSCO,CANAS,LAYO,BAQUIRIA
CUSCO,CANAS,LAYO,CALVARIO
CUSCO,CANAS,LAYO,CHACHACUMANI
CUSCO,CANAS,LAYO,CHUNUAPATA
CUSCO,CANAS,LAYO,CUSIBAMBA
CUSCO,CANAS,LAYO,HANCCOCAHUA
CUSCO,CANAS,LAYO,HATUNKUCHO UNSAAC
CUSCO,CANAS,LAYO,HUAMACONCA
CUSCO,CANAS,LAYO,HUARACCONI
CUSCO,CANAS,LAYO,HUASCARANI
CUSCO,CANAS,LAYO,KISIPATA
CUSCO,CANAS,LAYO,KOCUNA
CUSCO,CANAS,LAYO,LA RAYA HANOCCA
CUSCO,CANAS,LAYO,LA RAYA UNSAAC
CUSCO,CANAS,LAYO,LAYO - NEAREST 2KM
CUSCO,CANAS,LAYO,LIMBANI
CUSCO,CANAS,LAYO,MACARI - NEAREST 2KM
CUSCO,CANAS,LAYO,PALLALLANI
CUSCO,CANAS,LAYO,PUMANOTA
CUSCO,CANAS,LAYO,SOCLLA
CUSCO,CANAS,LAYO,TOTORJANI
CUSCO,CANAS,LAYO,UNSAAC
CUSCO,CANAS,LAYO,WINTE
CUSCO,CANAS,LAYO,YUNCATIRA
CUSCO,CANAS,QUEHUE,CARAHUANA
CUSCO,CANAS,QUEHUE,CCOMAYO
CUSCO,CANAS,QUEHUE,CHALLAJE
CUSCO,CANAS,QUEHUE,CHECCA - NEAREST 2KM
CUSCO,CANAS,QUEHUE,CHITIPAMPA
CUSCO,CANAS,QUEHUE,CURUPAMPA
CUSCO,CANAS,QUEHUE,ITURATE
CUSCO,CANAS,QUEHUE,JATUMPAMPA
CUSCO,CANAS,QUEHUE,LACTUIRE
CUSCO,CANAS,QUEHUE,LANGUI - NEAREST 2KM
CUSCO,CANAS,QUEHUE,LECCOTERA
CUSCO,CANAS,QUEHUE,LLUSCCAPAMPA
CUSCO,CANAS,QUEHUE,MACHACCOYO
CUSCO,CANAS,QUEHUE,MANURA
CUSCO,CANAS,QUEHUE,PACHAPAQUI
CUSCO,CANAS,QUEHUE,PAMPAYLLACTA
CUSCO,CANAS,QUEHUE,PULPERA
CUSCO,CANAS,QUEHUE,QUEHUE - NEAREST 2KM
CUSCO,CANAS,QUEHUE,ROSASPATA
CUSCO,CANAS,QUEHUE,SUNTURA
CUSCO,CANAS,QUEHUE,TTUYO
CUSCO,CANAS,QUEHUE,YANAHUARA
CUSCO,CANAS,TUPAC AMARU,HUAYLLUTA
CUSCO,CANAS,TUPAC AMARU,POMACANCHI - NEAREST 2KM
CUSCO,CANAS,TUPAC AMARU,SAMARENCCA
CUSCO,CANAS,TUPAC AMARU,TUNGASUCA - NEAREST 2KM
CUSCO,CANAS,TUPAC AMARU,USNUPAMPA
CUSCO,CANAS,TUPAC AMARU,YANAOCA - NEAREST 2KM
CUSCO,CANAS,YANAOCA,CALASAYA PATA CAPILLANI
CUSCO,CANAS,YANAOCA,CARAHUANA
CUSCO,CANAS,YANAOCA,CHAKERE KAYNO
CUSCO,CANAS,YANAOCA,CUTI
CUSCO,CANAS,YANAOCA,CUTI PALOMANI
CUSCO,CANAS,YANAOCA,HAMPATURA
CUSCO,CANAS,YANAOCA,HANCCOYAJE
CUSCO,CANAS,YANAOCA,HUALAYCHO
CUSCO,CANAS,YANAOCA,HUAYLLANI PACPACA
CUSCO,CANAS,YANAOCA,ITURATE
CUSCO,CANAS,YANAOCA,LIVITACA - NEAREST 2KM
CUSCO,CANAS,YANAOCA,QUEHUE - NEAREST 2KM
CUSCO,CANAS,YANAOCA,SICUANI - NEAREST 2KM
CUSCO,CANAS,YANAOCA,YANAOCA - NEAREST 2KM
CUSCO,CANCHIS,CHECACUPE,ACCO PAMPA
CUSCO,CANCHIS,CHECACUPE,ACCO QUCHO
CUSCO,CANCHIS,CHECACUPE,ANTACCARANI
CUSCO,CANCHIS,CHECACUPE,ANTONIO PAMPA
CUSCO,CANCHIS,CHECACUPE,APANCCANI
CUSCO,CANCHIS,CHECACUPE,CCANOCCOTA
CUSCO,CANCHIS,CHECACUPE,CCATAHUI
CUSCO,CANCHIS,CHECACUPE,CCATUYO
CUSCO,CANCHIS,CHECACUPE,CHAUCHAPATA
CUSCO,CANCHIS,CHECACUPE,CHECACUPE - NEAREST 2KM
CUSCO,CANCHIS,CHECACUPE,CHOLLOCCA
CUSCO,CANCHIS,CHECACUPE,CHUNUMA
CUSCO,CANCHIS,CHECACUPE,COLLONOMA
CUSCO,CANCHIS,CHECACUPE,COMBAPATA - NEAREST 2KM
CUSCO,CANCHIS,CHECACUPE,CULAWATANA (JULAHUATANA)
CUSCO,CANCHIS,CHECACUPE,HUACCOLLO
CUSCO,CANCHIS,CHECACUPE,HUAROCCONI
CUSCO,CANCHIS,CHECACUPE,JAPU
CUSCO,CANCHIS,CHECACUPE,JURIHUASI
CUSCO,CANCHIS,CHECACUPE,LACCA
CUSCO,CANCHIS,CHECACUPE,LIWE LIWE
CUSCO,CANCHIS,CHECACUPE,MACHACCOMA
CUSCO,CANCHIS,CHECACUPE,MARCAPATILLA
CUSCO,CANCHIS,CHECACUPE,MORAYAQE
CUSCO,CANCHIS,CHECACUPE,MUYURINA
CUSCO,CANCHIS,CHECACUPE,NAUNA
CUSCO,CANCHIS,CHECACUPE,OQUECCOCHA
CUSCO,CANCHIS,CHECACUPE,PITUMARCA - NEAREST 2KM
CUSCO,CANCHIS,CHECACUPE,QACHACHI
CUSCO,CANCHIS,CHECACUPE,QUISPA
CUSCO,CANCHIS,CHECACUPE,RINCONADA
CUSCO,CANCHIS,CHECACUPE,RUITA
CUSCO,CANCHIS,CHECACUPE,SALLAHUASI
CUSCO,CANCHIS,CHECACUPE,SAN PABLO - NEAREST 2KM
CUSCO,CANCHIS,CHECACUPE,SUPHO
CUSCO,CANCHIS,CHECACUPE,TIRUMA
CUSCO,CANCHIS,CHECACUPE,TTUNATUNA
CUSCO,CANCHIS,CHECACUPE,YANA PUCUTO
CUSCO,CANCHIS,CHECACUPE,YURAC MAYU
CUSCO,CANCHIS,COMBAPATA,CCOMERCCOCHA
CUSCO,CANCHIS,COMBAPATA,CHECACUPE - NEAREST 2KM
CUSCO,CANCHIS,COMBAPATA,CHIARA MUCCO
CUSCO,CANCHIS,COMBAPATA,CHIMPA PAMPACHACA
CUSCO,CANCHIS,COMBAPATA,COMBAPATA - NEAREST 2KM
CUSCO,CANCHIS,COMBAPATA,JAPU
CUSCO,CANCHIS,COMBAPATA,PAROPATA
CUSCO,CANCHIS,COMBAPATA,QUELLCCAYA
CUSCO,CANCHIS,COMBAPATA,TIRUMA
CUSCO,CANCHIS,COMBAPATA,TONCCUMA
CUSCO,CANCHIS,MARANGANI,CCAYCO SIMIPATA
CUSCO,CANCHIS,MARANGANI,LANGUI - NEAREST 2KM
CUSCO,CANCHIS,MARANGANI,LAYO - NEAREST 2KM
CUSCO,CANCHIS,MARANGANI,MARANGANI - NEAREST 2KM
CUSCO,CANCHIS,MARANGANI,PALCCA
CUSCO,CANCHIS,MARANGANI,Q'UEQRA
CUSCO,CANCHIS,MARANGANI,SULLCA CCARACOTO
CUSCO,CANCHIS,MARANGANI,TANIHUA
CUSCO,CANCHIS,MARANGANI,UYUCANI
CUSCO,CANCHIS,PITUMARCA,ACCO QUCHO
CUSCO,CANCHIS,PITUMARCA,AROTA
CUSCO,CANCHIS,PITUMARCA,AYREA
CUSCO,CANCHIS,PITUMARCA,CANCAHUI
CUSCO,CANCHIS,PITUMARCA,CCOCHA PATA
CUSCO,CANCHIS,PITUMARCA,CCOCHAUMA
CUSCO,CANCHIS,PITUMARCA,CCOLPATERA
CUSCO,CANCHIS,PITUMARCA,CHACHACOMANI
CUSCO,CANCHIS,PITUMARCA,CHECACUPE - NEAREST 2KM
CUSCO,CANCHIS,PITUMARCA,CHUA
CUSCO,CANCHIS,PITUMARCA,CHUA CHUA
CUSCO,CANCHIS,PITUMARCA,CHULLUNQUIA
CUSCO,CANCHIS,PITUMARCA,CUSIPATA - NEAREST 2KM
CUSCO,CANCHIS,PITUMARCA,ESQUINA
CUSCO,CANCHIS,PITUMARCA,HACHOCCO
CUSCO,CANCHIS,PITUMARCA,HUACA HUATA
CUSCO,CANCHIS,PITUMARCA,HUANU HUANU
CUSCO,CANCHIS,PITUMARCA,HUATABAMBA
CUSCO,CANCHIS,PITUMARCA,JATUN PAMPA-LABRACO
CUSCO,CANCHIS,PITUMARCA,KHAMPA
CUSCO,CANCHIS,PITUMARCA,KILLITA
CUSCO,CANCHIS,PITUMARCA,LABRACO
CUSCO,CANCHIS,PITUMARCA,LAYA
CUSCO,CANCHIS,PITUMARCA,LLOCLLASCA
CUSCO,CANCHIS,PITUMARCA,LLOCO
CUSCO,CANCHIS,PITUMARCA,MARCARANI
CUSCO,CANCHIS,PITUMARCA,MATIHUACHANA
CUSCO,CANCHIS,PITUMARCA,MOLLUVIRE
CUSCO,CANCHIS,PITUMARCA,MORMORANI
CUSCO,CANCHIS,PITUMARCA,MUCMUCA
CUSCO,CANCHIS,PITUMARCA,OCONGATE - NEAREST 2KM
CUSCO,CANCHIS,PITUMARCA,OQUEMARCA
CUSCO,CANCHIS,PITUMARCA,PATA CALLANCA
CUSCO,CANCHIS,PITUMARCA,PATACCOCHA
CUSCO,CANCHIS,PITUMARCA,PHINAYA
CUSCO,CANCHIS,PITUMARCA,PITUMARCA - NEAREST 2KM
CUSCO,CANCHIS,PITUMARCA,PUKUTUNI
CUSCO,CANCHIS,PITUMARCA,PUKUTUNI QQUELLHUA
CUSCO,CANCHIS,PITUMARCA,QAYUMA
CUSCO,CANCHIS,PITUMARCA,QUISAMACHAY
CUSCO,CANCHIS,PITUMARCA,RINCONADA
CUSCO,CANCHIS,PITUMARCA,SALLANI
CUSCO,CANCHIS,PITUMARCA,SALLMA
CUSCO,CANCHIS,PITUMARCA,SAYRE
CUSCO,CANCHIS,PITUMARCA,SEQUENA
CUSCO,CANCHIS,PITUMARCA,WACRACCOCHA
CUSCO,CANCHIS,PITUMARCA,WAYUWASI
CUSCO,CANCHIS,PITUMARCA,WILA QARA
CUSCO,CANCHIS,SAN PABLO,ALLERE
CUSCO,CANCHIS,SAN PABLO,ALTO SELVA ALEGRE
CUSCO,CANCHIS,SAN PABLO,ANUMARCA
CUSCO,CANCHIS,SAN PABLO,APACHETA
CUSCO,CANCHIS,SAN PABLO,CCACCACUCHO
CUSCO,CANCHIS,SAN PABLO,CCARITA
CUSCO,CANCHIS,SAN PABLO,CCOMERCCOCHA
CUSCO,CANCHIS,SAN PABLO,CHECACUPE - NEAREST 2KM
CUSCO,CANCHIS,SAN PABLO,CHINKILLANI
CUSCO,CANCHIS,SAN PABLO,HUALLATAYRE
CUSCO,CANCHIS,SAN PABLO,HUERTA
CUSCO,CANCHIS,SAN PABLO,ILLAPATA
CUSCO,CANCHIS,SAN PABLO,IRUBAMBA
CUSCO,CANCHIS,SAN PABLO,JAMANOSA-TALTA
CUSCO,CANCHIS,SAN PABLO,LOS ANDES CHIARAJE
CUSCO,CANCHIS,SAN PABLO,LOS ANDES CHUNOAPATA
CUSCO,CANCHIS,SAN PABLO,LOS ANDES HUACCOLLAJJE
CUSCO,CANCHIS,SAN PABLO,LOS ANDES JAHUECA
CUSCO,CANCHIS,SAN PABLO,LOS ANDES PAMPA CHUNOA JATUNCCOCHO
CUSCO,CANCHIS,SAN PABLO,LOS ANDES ROSAS PATA
CUSCO,CANCHIS,SAN PABLO,MACHACCOYO IRUBAMBA
CUSCO,CANCHIS,SAN PABLO,MAPANI SINGUNA
CUSCO,CANCHIS,SAN PABLO,MARANGANI MOCCO
CUSCO,CANCHIS,SAN PABLO,NINAPATA
CUSCO,CANCHIS,SAN PABLO,OCCOPATA
CUSCO,CANCHIS,SAN PABLO,PUKA KUNKA
CUSCO,CANCHIS,SAN PABLO,PUMANOTA CCASPANA
CUSCO,CANCHIS,SAN PABLO,PUMANOTA CHIRIUNO
CUSCO,CANCHIS,SAN PABLO,SAN PABLO - NEAREST 2KM
CUSCO,CANCHIS,SAN PABLO,SAN PEDRO - NEAREST 2KM
CUSCO,CANCHIS,SAN PABLO,SICUANI - NEAREST 2KM
CUSCO,CANCHIS,SAN PABLO,SOCORRO
CUSCO,CANCHIS,SAN PABLO,SONGONA
CUSCO,CANCHIS,SAN PEDRO,SAN PEDRO - NEAREST 2KM
CUSCO,CANCHIS,SICUANI,ACCO ACCO PHALLA LLOCLLATA
CUSCO,CANCHIS,SICUANI,ANTACCAYA
CUSCO,CANCHIS,SICUANI,ANTACUNCA
CUSCO,CANCHIS,SICUANI,CACATA
CUSCO,CANCHIS,SICUANI,CALASAYA PATA CAPILLANI
CUSCO,CANCHIS,SICUANI,CCALACRUSA PUMANOTA
CUSCO,CANCHIS,SICUANI,CCOCHAYOC PATA
CUSCO,CANCHIS,SICUANI,CCOLLPA TULTUNI TOXACCOTA
CUSCO,CANCHIS,SICUANI,CCOLLPATIRA CHUCHI TOXACCOTA
CUSCO,CANCHIS,SICUANI,CCOTATERA
CUSCO,CANCHIS,SICUANI,CENTRO PAMPA PATACALASAYA
CUSCO,CANCHIS,SICUANI,CHAPICHUMO
CUSCO,CANCHIS,SICUANI,CHILLIHUA
CUSCO,CANCHIS,SICUANI,CONDOR SENCCA CACAPATA
CUSCO,CANCHIS,SICUANI,CONDOR SENCCA JAPUSCA
CUSCO,CANCHIS,SICUANI,CONDOR SENCCA SAN LUIS
CUSCO,CANCHIS,SICUANI,ESCALERA
CUSCO,CANCHIS,SICUANI,HUARMURO
CUSCO,CANCHIS,SICUANI,HURURU PATACALASAYA
CUSCO,CANCHIS,SICUANI,ILLACUYO
CUSCO,CANCHIS,SICUANI,KELLOHUARACHA
CUSCO,CANCHIS,SICUANI,LAWANI
CUSCO,CANCHIS,SICUANI,LAYHUIRI PATACALASAYA
CUSCO,CANCHIS,SICUANI,LIQUINIPATA
CUSCO,CANCHIS,SICUANI,LOS ANDES AQEPATA
CUSCO,CANCHIS,SICUANI,LOS ANDES CCOCHAPATA
CUSCO,CANCHIS,SICUANI,LOS ANDES CHACO CONCAN
CUSCO,CANCHIS,SICUANI,LOS ANDES HANAC CHANCCOAJE
CUSCO,CANCHIS,SICUANI,LOS ANDES MUCCULTA
CUSCO,CANCHIS,SICUANI,LOS ANDES ROSAS PATA
CUSCO,CANCHIS,SICUANI,LOS ANDES WATTA
CUSCO,CANCHIS,SICUANI,MARCANI ACCO ACCO PHALLA
CUSCO,CANCHIS,SICUANI,NU?__OA - NEAREST 2KM
CUSCO,CANCHIS,SICUANI,PAIRIMANA
CUSCO,CANCHIS,SICUANI,PAMPA QQUERO
CUSCO,CANCHIS,SICUANI,PREDIO ESCALERA
CUSCO,CANCHIS,SICUANI,PUERTO ACCOCUNCA TINGABAMBA
CUSCO,CANCHIS,SICUANI,PUMANOTA ASUFRINI
CUSCO,CANCHIS,SICUANI,PUMANOTA CARUMA
CUSCO,CANCHIS,SICUANI,PUMANOTA CHOQUEPILLO
CUSCO,CANCHIS,SICUANI,PUMANOTA KATAHUIPATA
CUSCO,CANCHIS,SICUANI,PUMANOTA PAMPA HUASI
CUSCO,CANCHIS,SICUANI,PUMANOTA VILUYO PATA
CUSCO,CANCHIS,SICUANI,QAQAPUNKO
CUSCO,CANCHIS,SICUANI,QUISILLANI
CUSCO,CANCHIS,SICUANI,SALCATERA ACCO ACCO PHALLA
CUSCO,CANCHIS,SICUANI,SICUANI - NEAREST 2KM
CUSCO,CANCHIS,SICUANI,SORA
CUSCO,CANCHIS,SICUANI,TAHUANTINSUYO CONDORSENCCA
CUSCO,CANCHIS,SICUANI,TANIHUA
CUSCO,CANCHIS,SICUANI,TINGABAMBA CONCAHUI
CUSCO,CANCHIS,SICUANI,TINGABAMBA PASANI
CUSCO,CANCHIS,SICUANI,TINGABAMBA POCOCHACA
CUSCO,CANCHIS,SICUANI,TINGABAMBA PUERTO
CUSCO,CANCHIS,SICUANI,TINGABAMBA VILACUNCA
CUSCO,CANCHIS,SICUANI,TITOLACAI
CUSCO,CANCHIS,SICUANI,TRAPICHE PATA
CUSCO,CANCHIS,SICUANI,ULLANI
CUSCO,CANCHIS,SICUANI,URINSAYA CAPILLANI
CUSCO,CANCHIS,SICUANI,VILUYO PATA
CUSCO,CANCHIS,SICUANI,VISCACHANI CONDORSENCCA VISCACHANI
CUSCO,CANCHIS,TINTA,TINTA - NEAREST 2KM
CUSCO,CHUMBIVILCAS,CAPACMARCA,CANCHURA
CUSCO,CHUMBIVILCAS,CAPACMARCA,CAPACMARCA - NEAREST 2KM
CUSCO,CHUMBIVILCAS,CAPACMARCA,COLQUEMARCA - NEAREST 2KM
CUSCO,CHUMBIVILCAS,CAPACMARCA,KACHUCALLA
CUSCO,CHUMBIVILCAS,CAPACMARCA,MOLLECASA
CUSCO,CHUMBIVILCAS,CAPACMARCA,PUCACCALLA
CUSCO,CHUMBIVILCAS,CAPACMARCA,QUERABAMBA
CUSCO,CHUMBIVILCAS,CAPACMARCA,UCUCHA
CUSCO,CHUMBIVILCAS,CAPACMARCA,WITUKUNKA
CUSCO,CHUMBIVILCAS,CHAMACA,ALTO CHICRE HUANCANE
CUSCO,CHUMBIVILCAS,CHAMACA,ANANUSA
CUSCO,CHUMBIVILCAS,CHAMACA,APSACAYUCKUCHU
CUSCO,CHUMBIVILCAS,CHAMACA,AUCALLAMA
CUSCO,CHUMBIVILCAS,CHAMACA,CALVARIO
CUSCO,CHUMBIVILCAS,CHAMACA,CENTRO HUININQUIRI
CUSCO,CHUMBIVILCAS,CHAMACA,CHACAYOC PAMPA
CUSCO,CHUMBIVILCAS,CHAMACA,CHAMACA - NEAREST 2KM
CUSCO,CHUMBIVILCAS,CHAMACA,CHANCARAYOC
CUSCO,CHUMBIVILCAS,CHAMACA,CHAQUIMAYO
CUSCO,CHUMBIVILCAS,CHAMACA,CHAUPICANCHA
CUSCO,CHUMBIVILCAS,CHAMACA,CHEINQUENA
CUSCO,CHUMBIVILCAS,CHAMACA,CHICHEQUENA
CUSCO,CHUMBIVILCAS,CHAMACA,CHICRE ALTO
CUSCO,CHUMBIVILCAS,CHAMACA,CHULLO
CUSCO,CHUMBIVILCAS,CHAMACA,CHUYUNIPATA
CUSCO,CHUMBIVILCAS,CHAMACA,COLQUEMARCA - NEAREST 2KM
CUSCO,CHUMBIVILCAS,CHAMACA,CONCHACCOLLO ALTO
CUSCO,CHUMBIVILCAS,CHAMACA,FELULLO
CUSCO,CHUMBIVILCAS,CHAMACA,GEOCHAYA
CUSCO,CHUMBIVILCAS,CHAMACA,HUAC HUAYOTA
CUSCO,CHUMBIVILCAS,CHAMACA,HUANCASHAHUA
CUSCO,CHUMBIVILCAS,CHAMACA,HUINCHO
CUSCO,CHUMBIVILCAS,CHAMACA,INFIERNILLO
CUSCO,CHUMBIVILCAS,CHAMACA,INGATA
CUSCO,CHUMBIVILCAS,CHAMACA,JAPU
CUSCO,CHUMBIVILCAS,CHAMACA,JATUN HUANCO
CUSCO,CHUMBIVILCAS,CHAMACA,JULLOSIPI
CUSCO,CHUMBIVILCAS,CHAMACA,JUTOMATE (JUTUMATE)
CUSCO,CHUMBIVILCAS,CHAMACA,JUTUMATE
CUSCO,CHUMBIVILCAS,CHAMACA,KIMBALETE
CUSCO,CHUMBIVILCAS,CHAMACA,KORIMARCA
CUSCO,CHUMBIVILCAS,CHAMACA,KURPA ALTO (KURPA)
CUSCO,CHUMBIVILCAS,CHAMACA,KURPA BAJO
CUSCO,CHUMBIVILCAS,CHAMACA,LA CCAYA (PAUSE)
CUSCO,CHUMBIVILCAS,CHAMACA,LACA LACA
CUSCO,CHUMBIVILCAS,CHAMACA,LACCAYA
CUSCO,CHUMBIVILCAS,CHAMACA,LIMAMAYO
CUSCO,CHUMBIVILCAS,CHAMACA,LOCCOCCO
CUSCO,CHUMBIVILCAS,CHAMACA,MACHO HUININQUIRI
CUSCO,CHUMBIVILCAS,CHAMACA,MARAN UR A
CUSCO,CHUMBIVILCAS,CHAMACA,MOLINO
CUSCO,CHUMBIVILCAS,CHAMACA,NUEVA JORNADA
CUSCO,CHUMBIVILCAS,CHAMACA,OCCOLLULLO
CUSCO,CHUMBIVILCAS,CHAMACA,OMACHA - NEAREST 2KM
CUSCO,CHUMBIVILCAS,CHAMACA,PAMPAHUASI
CUSCO,CHUMBIVILCAS,CHAMACA,PAMPAMARCA
CUSCO,CHUMBIVILCAS,CHAMACA,PFECHACCANI
CUSCO,CHUMBIVILCAS,CHAMACA,PISCIGRANJA
CUSCO,CHUMBIVILCAS,CHAMACA,POROTOYOQ
CUSCO,CHUMBIVILCAS,CHAMACA,PUKAUCCOWAYKU
CUSCO,CHUMBIVILCAS,CHAMACA,PUMARUMI PAMPA
CUSCO,CHUMBIVILCAS,CHAMACA,PURATACCARCCA
CUSCO,CHUMBIVILCAS,CHAMACA,QQUERA QQUERA
CUSCO,CHUMBIVILCAS,CHAMACA,QUISICANCHA
CUSCO,CHUMBIVILCAS,CHAMACA,SAYWA PAMPA
CUSCO,CHUMBIVILCAS,CHAMACA,SIHUINCHA ALTO
CUSCO,CHUMBIVILCAS,CHAMACA,SIHUINCHA BAJO
CUSCO,CHUMBIVILCAS,CHAMACA,TINCURCA
CUSCO,CHUMBIVILCAS,CHAMACA,TINTAYA PAMPA
CUSCO,CHUMBIVILCAS,CHAMACA,TOCRA
CUSCO,CHUMBIVILCAS,CHAMACA,TOCRA CHICO
CUSCO,CHUMBIVILCAS,CHAMACA,TOTORHUINTE
CUSCO,CHUMBIVILCAS,CHAMACA,TTOCRACCOLLO
CUSCO,CHUMBIVILCAS,CHAMACA,TTUCROYO
CUSCO,CHUMBIVILCAS,CHAMACA,UCHUCCARCCO BAJO
CUSCO,CHUMBIVILCAS,CHAMACA,URAY INGATA
CUSCO,CHUMBIVILCAS,CHAMACA,VELILLE - NEAREST 2KM
CUSCO,CHUMBIVILCAS,CHAMACA,WINICHAYUC
CUSCO,CHUMBIVILCAS,COLQUEMARCA,ANTATACCA
CUSCO,CHUMBIVILCAS,COLQUEMARCA,CAPACMARCA - NEAREST 2KM
CUSCO,CHUMBIVILCAS,COLQUEMARCA,CCOLLOTA
CUSCO,CHUMBIVILCAS,COLQUEMARCA,CHAMACA - NEAREST 2KM
CUSCO,CHUMBIVILCAS,COLQUEMARCA,COLCA
CUSCO,CHUMBIVILCAS,COLQUEMARCA,COLQUEMARCA - NEAREST 2KM
CUSCO,CHUMBIVILCAS,COLQUEMARCA,HUACCOTTO
CUSCO,CHUMBIVILCAS,COLQUEMARCA,HUANCARO
CUSCO,CHUMBIVILCAS,COLQUEMARCA,HUINCHO
CUSCO,CHUMBIVILCAS,COLQUEMARCA,MUYU ORCCO
CUSCO,CHUMBIVILCAS,COLQUEMARCA,QUI?__OTA - NEAREST 2KM
CUSCO,CHUMBIVILCAS,COLQUEMARCA,RUMI CRUZ
CUSCO,CHUMBIVILCAS,COLQUEMARCA,SIUCCANI
CUSCO,CHUMBIVILCAS,COLQUEMARCA,SOCLLA
CUSCO,CHUMBIVILCAS,COLQUEMARCA,TOROMANYA
CUSCO,CHUMBIVILCAS,COLQUEMARCA,TOTORANI
CUSCO,CHUMBIVILCAS,COLQUEMARCA,TTIOBAMBA
CUSCO,CHUMBIVILCAS,COLQUEMARCA,YANQUE
CUSCO,CHUMBIVILCAS,COLQUEMARCA,YAPUPATA
CUSCO,CHUMBIVILCAS,LIVITACA,ACCHO
CUSCO,CHUMBIVILCAS,LIVITACA,ACHACANI
CUSCO,CHUMBIVILCAS,LIVITACA,ALTO COLLANA
CUSCO,CHUMBIVILCAS,LIVITACA,ANAHUI
CUSCO,CHUMBIVILCAS,LIVITACA,ANTACHULLO
CUSCO,CHUMBIVILCAS,LIVITACA,AUSANTA
CUSCO,CHUMBIVILCAS,LIVITACA,AYAHUAYCO
CUSCO,CHUMBIVILCAS,LIVITACA,CALANI
CUSCO,CHUMBIVILCAS,LIVITACA,CASORA
CUSCO,CHUMBIVILCAS,LIVITACA,CCASANOMA
CUSCO,CHUMBIVILCAS,LIVITACA,CERRO PAMPA
CUSCO,CHUMBIVILCAS,LIVITACA,CHACCOPALLA
CUSCO,CHUMBIVILCAS,LIVITACA,CHACHANI
CUSCO,CHUMBIVILCAS,LIVITACA,CHAKERE KAYNO
CUSCO,CHUMBIVILCAS,LIVITACA,CHAMACA - NEAREST 2KM
CUSCO,CHUMBIVILCAS,LIVITACA,CHARQUIO
CUSCO,CHUMBIVILCAS,LIVITACA,CHILA
CUSCO,CHUMBIVILCAS,LIVITACA,CHILAHUAYOC PATA
CUSCO,CHUMBIVILCAS,LIVITACA,CHULLUNI
CUSCO,CHUMBIVILCAS,LIVITACA,CHUNONOSA
CUSCO,CHUMBIVILCAS,LIVITACA,COCHAPATA
CUSCO,CHUMBIVILCAS,LIVITACA,CONDOROMA
CUSCO,CHUMBIVILCAS,LIVITACA,HUACAMANI
CUSCO,CHUMBIVILCAS,LIVITACA,ILLATUYO
CUSCO,CHUMBIVILCAS,LIVITACA,ITUNTATA
CUSCO,CHUMBIVILCAS,LIVITACA,JAPUPAMPA
CUSCO,CHUMBIVILCAS,LIVITACA,JARCCOLLA
CUSCO,CHUMBIVILCAS,LIVITACA,JATUNCCASA
CUSCO,CHUMBIVILCAS,LIVITACA,JAUCHILLICA
CUSCO,CHUMBIVILCAS,LIVITACA,JOQUECA
CUSCO,CHUMBIVILCAS,LIVITACA,KARACUTE
CUSCO,CHUMBIVILCAS,LIVITACA,KAYNO CENTRO
CUSCO,CHUMBIVILCAS,LIVITACA,KIMBALETE
CUSCO,CHUMBIVILCAS,LIVITACA,LEULECCANE
CUSCO,CHUMBIVILCAS,LIVITACA,LIVITACA - NEAREST 2KM
CUSCO,CHUMBIVILCAS,LIVITACA,LIWLICANI
CUSCO,CHUMBIVILCAS,LIVITACA,LLACTAHUI
CUSCO,CHUMBIVILCAS,LIVITACA,LLALLAHUA
CUSCO,CHUMBIVILCAS,LIVITACA,LLANCAMA
CUSCO,CHUMBIVILCAS,LIVITACA,LLANCAMA KCUCHO
CUSCO,CHUMBIVILCAS,LIVITACA,LLANK UPE
CUSCO,CHUMBIVILCAS,LIVITACA,LLAULLIPATA
CUSCO,CHUMBIVILCAS,LIVITACA,LLUCCO LLUCCO
CUSCO,CHUMBIVILCAS,LIVITACA,MACHAY
CUSCO,CHUMBIVILCAS,LIVITACA,MATAHUAYLLA
CUSCO,CHUMBIVILCAS,LIVITACA,NUEVA ESPERANZA
CUSCO,CHUMBIVILCAS,LIVITACA,PAMPAQHUASI
CUSCO,CHUMBIVILCAS,LIVITACA,PARACA
CUSCO,CHUMBIVILCAS,LIVITACA,PARCCO
CUSCO,CHUMBIVILCAS,LIVITACA,PARCCOPAMPA
CUSCO,CHUMBIVILCAS,LIVITACA,PISQUICOCHA
CUSCO,CHUMBIVILCAS,LIVITACA,PUCUTO
CUSCO,CHUMBIVILCAS,LIVITACA,PUCYUNAHUI
CUSCO,CHUMBIVILCAS,LIVITACA,PULLAHUAYO
CUSCO,CHUMBIVILCAS,LIVITACA,PUMAHUASI
CUSCO,CHUMBIVILCAS,LIVITACA,QQUECHA AUCHO
CUSCO,CHUMBIVILCAS,LIVITACA,QQUECHAPAMPA
CUSCO,CHUMBIVILCAS,LIVITACA,RELLORACCAYNIYUC
CUSCO,CHUMBIVILCAS,LIVITACA,RINCONADA NANRAPAMPA
CUSCO,CHUMBIVILCAS,LIVITACA,SAMARENCCA
CUSCO,CHUMBIVILCAS,LIVITACA,SAN ANTONIO
CUSCO,CHUMBIVILCAS,LIVITACA,SAYANGARA
CUSCO,CHUMBIVILCAS,LIVITACA,SAYOTA
CUSCO,CHUMBIVILCAS,LIVITACA,SHIHUA
CUSCO,CHUMBIVILCAS,LIVITACA,SOCLLAPAMPA
CUSCO,CHUMBIVILCAS,LIVITACA,SURAMAQUE
CUSCO,CHUMBIVILCAS,LIVITACA,TOCRAHUAYCO
CUSCO,CHUMBIVILCAS,LIVITACA,TOMANA
CUSCO,CHUMBIVILCAS,LIVITACA,TOTORANI
CUSCO,CHUMBIVILCAS,LIVITACA,VELILLE - NEAREST 2KM
CUSCO,CHUMBIVILCAS,LIVITACA,YANACCACCA
CUSCO,CHUMBIVILCAS,LIVITACA,YANAMAYU
CUSCO,CHUMBIVILCAS,LIVITACA,YURACMAYU
CUSCO,CHUMBIVILCAS,LIVITACA,YURAQCANCHA
CUSCO,CHUMBIVILCAS,LIVITACA,ZAITA
CUSCO,CHUMBIVILCAS,LLUSCO,CAIRAHUIRE
CUSCO,CHUMBIVILCAS,LLUSCO,CCALLAPANI
CUSCO,CHUMBIVILCAS,LLUSCO,CHAMACA
CUSCO,CHUMBIVILCAS,LLUSCO,CHANCCARAYOC
CUSCO,CHUMBIVILCAS,LLUSCO,CHECLLACO
CUSCO,CHUMBIVILCAS,LLUSCO,CORA CORA
CUSCO,CHUMBIVILCAS,LLUSCO,HUATARUSI
CUSCO,CHUMBIVILCAS,LLUSCO,HUAYLLA BAMBA
CUSCO,CHUMBIVILCAS,LLUSCO,HUISCACHANI
CUSCO,CHUMBIVILCAS,LLUSCO,LLUSCO - NEAREST 2KM
CUSCO,CHUMBIVILCAS,LLUSCO,MATARA
CUSCO,CHUMBIVILCAS,LLUSCO,PAMPALLACTA
CUSCO,CHUMBIVILCAS,LLUSCO,PFUISA
CUSCO,CHUMBIVILCAS,LLUSCO,QUI?__OTA - NEAREST 2KM
CUSCO,CHUMBIVILCAS,LLUSCO,RESACALLE
CUSCO,CHUMBIVILCAS,LLUSCO,TTIOBAMBA
CUSCO,CHUMBIVILCAS,LLUSCO,YANAMAHUAYCO
CUSCO,CHUMBIVILCAS,LLUSCO,YURAC CANCHA
CUSCO,CHUMBIVILCAS,QUINOTA,ALLPA ORCCONA
CUSCO,CHUMBIVILCAS,QUINOTA,CHIARATA
CUSCO,CHUMBIVILCAS,QUINOTA,HAQUIRA - NEAREST 2KM
CUSCO,CHUMBIVILCAS,QUINOTA,HUATARUSI
CUSCO,CHUMBIVILCAS,QUINOTA,LACCA
CUSCO,CHUMBIVILCAS,QUINOTA,LLUSCO - NEAREST 2KM
CUSCO,CHUMBIVILCAS,QUINOTA,MINASPATA
CUSCO,CHUMBIVILCAS,QUINOTA,PAIRA CANTA
CUSCO,CHUMBIVILCAS,QUINOTA,PERCCATUYO
CUSCO,CHUMBIVILCAS,QUINOTA,PISCOCALLA
CUSCO,CHUMBIVILCAS,QUINOTA,QUI?__OTA - NEAREST 2KM
CUSCO,CHUMBIVILCAS,QUINOTA,RAQUICCASA
CUSCO,CHUMBIVILCAS,QUINOTA,TTIOBAMBA
CUSCO,CHUMBIVILCAS,QUINOTA,UMAJURO
CUSCO,CHUMBIVILCAS,QUINOTA,YAURI YAURI
CUSCO,CHUMBIVILCAS,SANTO TOMAS,CAYARANI - NEAREST 2KM
CUSCO,CHUMBIVILCAS,SANTO TOMAS,CHACOCIRCA
CUSCO,CHUMBIVILCAS,SANTO TOMAS,CHUMILLE
CUSCO,CHUMBIVILCAS,SANTO TOMAS,LLUSCO - NEAREST 2KM
CUSCO,CHUMBIVILCAS,SANTO TOMAS,PUCACANCHA
CUSCO,CHUMBIVILCAS,SANTO TOMAS,PULPERO
CUSCO,CHUMBIVILCAS,SANTO TOMAS,SAYHUA
CUSCO,CHUMBIVILCAS,SANTO TOMAS,TOTORAL
CUSCO,CHUMBIVILCAS,SANTO TOMAS,VELILLE - NEAREST 2KM
CUSCO,CHUMBIVILCAS,VELILLE,ALPACCANI
CUSCO,CHUMBIVILCAS,VELILLE,ALTO CHICRE HUANCANE
CUSCO,CHUMBIVILCAS,VELILLE,AMPUMARCA
CUSCO,CHUMBIVILCAS,VELILLE,ARCOPUNCO
CUSCO,CHUMBIVILCAS,VELILLE,AWANAPATA (CHULLU)
CUSCO,CHUMBIVILCAS,VELILLE,BANDERAYOC
CUSCO,CHUMBIVILCAS,VELILLE,CALOCCUNTO
CUSCO,CHUMBIVILCAS,VELILLE,CALVARIO
CUSCO,CHUMBIVILCAS,VELILLE,CANCARHUANI
CUSCO,CHUMBIVILCAS,VELILLE,CARICARI
CUSCO,CHUMBIVILCAS,VELILLE,CASA BLANCA
CUSCO,CHUMBIVILCAS,VELILLE,CCAJAYLLE
CUSCO,CHUMBIVILCAS,VELILLE,CCOCHACHIMPANA
CUSCO,CHUMBIVILCAS,VELILLE,CCOCHANI
CUSCO,CHUMBIVILCAS,VELILLE,CCOYAPATA
CUSCO,CHUMBIVILCAS,VELILLE,CHACAPAMPA
CUSCO,CHUMBIVILCAS,VELILLE,CHAMACA - NEAREST 2KM
CUSCO,CHUMBIVILCAS,VELILLE,CHICMUNA
CUSCO,CHUMBIVILCAS,VELILLE,CHIRIRINE
CUSCO,CHUMBIVILCAS,VELILLE,CHUNTA
CUSCO,CHUMBIVILCAS,VELILLE,CHUNUHUIRI
CUSCO,CHUMBIVILCAS,VELILLE,CRUSKASA
CUSCO,CHUMBIVILCAS,VELILLE,CUCHILLITA
CUSCO,CHUMBIVILCAS,VELILLE,FAUCE ALTO
CUSCO,CHUMBIVILCAS,VELILLE,HATUN HUANCARAPI
CUSCO,CHUMBIVILCAS,VELILLE,HUANACCAHUI
CUSCO,CHUMBIVILCAS,VELILLE,HUANCANE
CUSCO,CHUMBIVILCAS,VELILLE,HUARIRI
CUSCO,CHUMBIVILCAS,VELILLE,HUISACHANI
CUSCO,CHUMBIVILCAS,VELILLE,JACHO OCJO
CUSCO,CHUMBIVILCAS,VELILLE,JAPURAYA
CUSCO,CHUMBIVILCAS,VELILLE,JATUN HUAYCCO
CUSCO,CHUMBIVILCAS,VELILLE,JATUN HUAYCCO ALTO
CUSCO,CHUMBIVILCAS,VELILLE,JATUN HUAYCCO BAJO
CUSCO,CHUMBIVILCAS,VELILLE,JATUNKCASA
CUSCO,CHUMBIVILCAS,VELILLE,K UCHUHUASI
CUSCO,CHUMBIVILCAS,VELILLE,k'COYANI
CUSCO,CHUMBIVILCAS,VELILLE,KCAHUAPERHUANA
CUSCO,CHUMBIVILCAS,VELILLE,KCASA CANCHA
CUSCO,CHUMBIVILCAS,VELILLE,LLAMATUTO
CUSCO,CHUMBIVILCAS,VELILLE,LLASACCHAHUANA
CUSCO,CHUMBIVILCAS,VELILLE,LLIHUACCASA
CUSCO,CHUMBIVILCAS,VELILLE,LLOQUETA
CUSCO,CHUMBIVILCAS,VELILLE,MAMARUMIYOC (ALCCOCHIO RANRRA)
CUSCO,CHUMBIVILCAS,VELILLE,MOROCCOYA
CUSCO,CHUMBIVILCAS,VELILLE,MOYA
CUSCO,CHUMBIVILCAS,VELILLE,NINAMI
CUSCO,CHUMBIVILCAS,VELILLE,NUEVA JORNADA
CUSCO,CHUMBIVILCAS,VELILLE,OCCOLLULLO
CUSCO,CHUMBIVILCAS,VELILLE,OCCORURO
CUSCO,CHUMBIVILCAS,VELILLE,OQECHA
CUSCO,CHUMBIVILCAS,VELILLE,PALTARUMIYOC
CUSCO,CHUMBIVILCAS,VELILLE,PANIHUARAPATA
CUSCO,CHUMBIVILCAS,VELILLE,PATARIO
CUSCO,CHUMBIVILCAS,VELILLE,PAYRUMANI
CUSCO,CHUMBIVILCAS,VELILLE,PICHU
CUSCO,CHUMBIVILCAS,VELILLE,PUMACCOCHA
CUSCO,CHUMBIVILCAS,VELILLE,QQUERA QQUERA
CUSCO,CHUMBIVILCAS,VELILLE,QUELLAHUILLE
CUSCO,CHUMBIVILCAS,VELILLE,QUEQUESANI
CUSCO,CHUMBIVILCAS,VELILLE,SAN ANTONIO
CUSCO,CHUMBIVILCAS,VELILLE,SAYHUATAMBO
CUSCO,CHUMBIVILCAS,VELILLE,SIJAPAMPA
CUSCO,CHUMBIVILCAS,VELILLE,SUTO OCJO
CUSCO,CHUMBIVILCAS,VELILLE,TARUCAMARCA
CUSCO,CHUMBIVILCAS,VELILLE,TUTULLA
CUSCO,CHUMBIVILCAS,VELILLE,URACPAMPA
CUSCO,CHUMBIVILCAS,VELILLE,VELILLE - NEAREST 2KM
CUSCO,CHUMBIVILCAS,VELILLE,WISALLA
CUSCO,CUSCO,CCORCA,ANTA - NEAREST 2KM
CUSCO,CUSCO,CCORCA,CCORCA - NEAREST 2KM
CUSCO,CUSCO,CCORCA,HUASAMPATA BAJA
CUSCO,CUSCO,CCORCA,ROCACANCHAPATA
CUSCO,CUSCO,CUSCO,CUSCO - NEAREST 2KM
CUSCO,CUSCO,CUSCO,SIMACCUCHO
CUSCO,CUSCO,POROY,LLANUMPATA
CUSCO,CUSCO,SAN JERONIMO,SAN SALVADOR - NEAREST 2KM
CUSCO,CUSCO,SAN SEBASTIAN,ACPITAN
CUSCO,CUSCO,SAN SEBASTIAN,SAN SEBASTIAN - NEAREST 2KM
CUSCO,CUSCO,SAYLLA,SAYLLA - NEAREST 2KM
CUSCO,CUSCO,SAYLLA,WUAYNA CCALLANPATA
CUSCO,ESPINAR,ALTO PICHIGUA,ACCOCUNCA - NEAREST 2KM
CUSCO,ESPINAR,ALTO PICHIGUA,ALCCACCOTA
CUSCO,ESPINAR,ALTO PICHIGUA,ALCCAMARINA
CUSCO,ESPINAR,ALTO PICHIGUA,ARCOPUNCO
CUSCO,ESPINAR,ALTO PICHIGUA,BANDERILLANI
CUSCO,ESPINAR,ALTO PICHIGUA,BARRANCO
CUSCO,ESPINAR,ALTO PICHIGUA,CALLARUMA
CUSCO,ESPINAR,ALTO PICHIGUA,CAMA
CUSCO,ESPINAR,ALTO PICHIGUA,CCACINCURANI
CUSCO,ESPINAR,ALTO PICHIGUA,CCAYCCO
CUSCO,ESPINAR,ALTO PICHIGUA,CCOLLPA PAMPA
CUSCO,ESPINAR,ALTO PICHIGUA,CHACHUNA
CUSCO,ESPINAR,ALTO PICHIGUA,CHALLUTA MAYOPATA
CUSCO,ESPINAR,ALTO PICHIGUA,CHANIMAYO
CUSCO,ESPINAR,ALTO PICHIGUA,CHIPTA
CUSCO,ESPINAR,ALTO PICHIGUA,CHULLANI
CUSCO,ESPINAR,ALTO PICHIGUA,CONCHUPATA
CUSCO,ESPINAR,ALTO PICHIGUA,CRUZ PATA
CUSCO,ESPINAR,ALTO PICHIGUA,DIQUE
CUSCO,ESPINAR,ALTO PICHIGUA,HECTOR TEJADA - NEAREST 2KM
CUSCO,ESPINAR,ALTO PICHIGUA,HUANGARUMA
CUSCO,ESPINAR,ALTO PICHIGUA,HUISAPUGIO
CUSCO,ESPINAR,ALTO PICHIGUA,HUISCACHANI
CUSCO,ESPINAR,ALTO PICHIGUA,ISLAICOCHA
CUSCO,ESPINAR,ALTO PICHIGUA,JAHUNUMA (LAURICUNCA)
CUSCO,ESPINAR,ALTO PICHIGUA,JAMACHUMANA
CUSCO,ESPINAR,ALTO PICHIGUA,KANAMARCA
CUSCO,ESPINAR,ALTO PICHIGUA,LLOQUETA
CUSCO,ESPINAR,ALTO PICHIGUA,LOROCACHI
CUSCO,ESPINAR,ALTO PICHIGUA,MACARI - NEAREST 2KM
CUSCO,ESPINAR,ALTO PICHIGUA,MACHUCANA
CUSCO,ESPINAR,ALTO PICHIGUA,MOYOCCOCHA
CUSCO,ESPINAR,ALTO PICHIGUA,MULLUCURANI
CUSCO,ESPINAR,ALTO PICHIGUA,PATILLANI
CUSCO,ESPINAR,ALTO PICHIGUA,PICHACANI
CUSCO,ESPINAR,ALTO PICHIGUA,PICHIGUA - NEAREST 2KM
CUSCO,ESPINAR,ALTO PICHIGUA,POCPOQUELLA
CUSCO,ESPINAR,ALTO PICHIGUA,QAQSATA
CUSCO,ESPINAR,ALTO PICHIGUA,SAN GENARO
CUSCO,ESPINAR,ALTO PICHIGUA,TORCCA
CUSCO,ESPINAR,ALTO PICHIGUA,TORCCA CHICO
CUSCO,ESPINAR,ALTO PICHIGUA,VARILLANI
CUSCO,ESPINAR,ALTO PICHIGUA,VELAMOCCO
CUSCO,ESPINAR,ALTO PICHIGUA,VILAGRO
CUSCO,ESPINAR,ALTO PICHIGUA,YAHUARMAYO
CUSCO,ESPINAR,ALTO PICHIGUA,YAULIPATA
CUSCO,ESPINAR,CONDOROMA,ACCO
CUSCO,ESPINAR,CONDOROMA,ACCOCCATA
CUSCO,ESPINAR,CONDOROMA,ACCOYCHINCA
CUSCO,ESPINAR,CONDOROMA,ALCCAYCHO
CUSCO,ESPINAR,CONDOROMA,ANDOMA
CUSCO,ESPINAR,CONDOROMA,AUQUIRANA
CUSCO,ESPINAR,CONDOROMA,CALLALLI - NEAREST 2KM
CUSCO,ESPINAR,CONDOROMA,CAPICALLE
CUSCO,ESPINAR,CONDOROMA,CATAZUMA
CUSCO,ESPINAR,CONDOROMA,CCACCAPATA
CUSCO,ESPINAR,CONDOROMA,CCOCHACCASA
CUSCO,ESPINAR,CONDOROMA,CCOCHACCUCHO
CUSCO,ESPINAR,CONDOROMA,CHALLHUANI
CUSCO,ESPINAR,CONDOROMA,CHAMALLA
CUSCO,ESPINAR,CONDOROMA,CHAPILLANE
CUSCO,ESPINAR,CONDOROMA,CHAPINE
CUSCO,ESPINAR,CONDOROMA,CHECCA PUCARA
CUSCO,ESPINAR,CONDOROMA,CHOCCO
CUSCO,ESPINAR,CONDOROMA,CHOSICANI
CUSCO,ESPINAR,CONDOROMA,CHULLO
CUSCO,ESPINAR,CONDOROMA,CONDORATINA
CUSCO,ESPINAR,CONDOROMA,CONDORI
CUSCO,ESPINAR,CONDOROMA,CONDOROMA - NEAREST 2KM
CUSCO,ESPINAR,CONDOROMA,CONDORSAYANA
CUSCO,ESPINAR,CONDOROMA,CUCURANI
CUSCO,ESPINAR,CONDOROMA,HACHATA
CUSCO,ESPINAR,CONDOROMA,HECTOR TEJADA - NEAREST 2KM
CUSCO,ESPINAR,CONDOROMA,HUAILLATUYO
CUSCO,ESPINAR,CONDOROMA,HUALLATANI
CUSCO,ESPINAR,CONDOROMA,HUASACHILA
CUSCO,ESPINAR,CONDOROMA,HULLCANA
CUSCO,ESPINAR,CONDOROMA,JAPU WASI
CUSCO,ESPINAR,CONDOROMA,JAPUCHOCCO
CUSCO,ESPINAR,CONDOROMA,JARUCCAPASO
CUSCO,ESPINAR,CONDOROMA,JHAJATILLA
CUSCO,ESPINAR,CONDOROMA,JIRINDA
CUSCO,ESPINAR,CONDOROMA,LA COLORADA
CUSCO,ESPINAR,CONDOROMA,LARCCACCATA
CUSCO,ESPINAR,CONDOROMA,LLAVINUTA
CUSCO,ESPINAR,CONDOROMA,MAYO TUYOC
CUSCO,ESPINAR,CONDOROMA,MICHAMICHANI
CUSCO,ESPINAR,CONDOROMA,MUNAYPATA
CUSCO,ESPINAR,CONDOROMA,OCUVIRI - NEAREST 2KM
CUSCO,ESPINAR,CONDOROMA,OSCOLLO
CUSCO,ESPINAR,CONDOROMA,PACOBAMBA
CUSCO,ESPINAR,CONDOROMA,PACOLACA
CUSCO,ESPINAR,CONDOROMA,PALCCATERA
CUSCO,ESPINAR,CONDOROMA,PAMPA YACCASO
CUSCO,ESPINAR,CONDOROMA,PARPAHUALA
CUSCO,ESPINAR,CONDOROMA,PATAUCCO
CUSCO,ESPINAR,CONDOROMA,PHAUSA
CUSCO,ESPINAR,CONDOROMA,PUCUYTA PAUCCARA
CUSCO,ESPINAR,CONDOROMA,PUCUYUTA
CUSCO,ESPINAR,CONDOROMA,PUMAHUASI
CUSCO,ESPINAR,CONDOROMA,PURO PURO
CUSCO,ESPINAR,CONDOROMA,PUTUQUILLA
CUSCO,ESPINAR,CONDOROMA,QQUELLO CANCHA
CUSCO,ESPINAR,CONDOROMA,QULTA
CUSCO,ESPINAR,CONDOROMA,SACSA
CUSCO,ESPINAR,CONDOROMA,SACSA ALEGRIA
CUSCO,ESPINAR,CONDOROMA,SACSAPATA
CUSCO,ESPINAR,CONDOROMA,SANTA BARBARA QUELLO QUELLO
CUSCO,ESPINAR,CONDOROMA,SOROCCA
CUSCO,ESPINAR,CONDOROMA,SURAMAYO
CUSCO,ESPINAR,CONDOROMA,SURAN CHACA
CUSCO,ESPINAR,CONDOROMA,TAMBO
CUSCO,ESPINAR,CONDOROMA,TINQUICANCHA
CUSCO,ESPINAR,CONDOROMA,TOLAPATA
CUSCO,ESPINAR,CONDOROMA,TREBOL
CUSCO,ESPINAR,CONDOROMA,URAY YURACCANCHA
CUSCO,ESPINAR,COPORAQUE,ACCOPUGIO
CUSCO,ESPINAR,COPORAQUE,ACHACUIRI
CUSCO,ESPINAR,COPORAQUE,ACHAHUI CENTRO
CUSCO,ESPINAR,COPORAQUE,ALCCAMARINA
CUSCO,ESPINAR,COPORAQUE,ALTO PUCACANCHA
CUSCO,ESPINAR,COPORAQUE,ANTACCASA
CUSCO,ESPINAR,COPORAQUE,ANTIO
CUSCO,ESPINAR,COPORAQUE,ANTUYO
CUSCO,ESPINAR,COPORAQUE,APACHACO
CUSCO,ESPINAR,COPORAQUE,AUCCARANA
CUSCO,ESPINAR,COPORAQUE,AYPULLANI
CUSCO,ESPINAR,COPORAQUE,BAJO MAYOCHULLO
CUSCO,ESPINAR,COPORAQUE,BAJO OQUEHUIRI
CUSCO,ESPINAR,COPORAQUE,CALAMINAYOC
CUSCO,ESPINAR,COPORAQUE,CALLEJONPAMPA
CUSCO,ESPINAR,COPORAQUE,CAYLLOMA - NEAREST 2KM
CUSCO,ESPINAR,COPORAQUE,CCACCOYO
CUSCO,ESPINAR,COPORAQUE,CCASANUMA
CUSCO,ESPINAR,COPORAQUE,CCAYQUERE
CUSCO,ESPINAR,COPORAQUE,CCOCHAPATA
CUSCO,ESPINAR,COPORAQUE,CCONOMAYO
CUSCO,ESPINAR,COPORAQUE,CCOTAHUATA
CUSCO,ESPINAR,COPORAQUE,CCOTOHUAYCCO
CUSCO,ESPINAR,COPORAQUE,CCOTOTO
CUSCO,ESPINAR,COPORAQUE,CCOYANI
CUSCO,ESPINAR,COPORAQUE,CHACCO DOS
CUSCO,ESPINAR,COPORAQUE,CHACO
CUSCO,ESPINAR,COPORAQUE,CHALLHUANA
CUSCO,ESPINAR,COPORAQUE,CHALLQUI
CUSCO,ESPINAR,COPORAQUE,CHECANI PUCARA
CUSCO,ESPINAR,COPORAQUE,CHECCA - NEAREST 2KM
CUSCO,ESPINAR,COPORAQUE,CHILARANA
CUSCO,ESPINAR,COPORAQUE,CHILAYO
CUSCO,ESPINAR,COPORAQUE,CHILLUICHUMA
CUSCO,ESPINAR,COPORAQUE,CHOCCOMAYO
CUSCO,ESPINAR,COPORAQUE,CHONOQUENAYOC
CUSCO,ESPINAR,COPORAQUE,CHORRILLO
CUSCO,ESPINAR,COPORAQUE,CHUANUMA
CUSCO,ESPINAR,COPORAQUE,CHUIQUINA
CUSCO,ESPINAR,COPORAQUE,CHULLO
CUSCO,ESPINAR,COPORAQUE,CHULLUMAYO
CUSCO,ESPINAR,COPORAQUE,CHUNONOCCO CHILA
CUSCO,ESPINAR,COPORAQUE,CHUPAHUINA
CUSCO,ESPINAR,COPORAQUE,CILLUYO
CUSCO,ESPINAR,COPORAQUE,COLLPAUMA
CUSCO,ESPINAR,COPORAQUE,COMPINI
CUSCO,ESPINAR,COPORAQUE,CONDORCCACCA
CUSCO,ESPINAR,COPORAQUE,CONDORHUASI
CUSCO,ESPINAR,COPORAQUE,COPORAQUE - NEAREST 2KM
CUSCO,ESPINAR,COPORAQUE,CURO
CUSCO,ESPINAR,COPORAQUE,ESCALERA
CUSCO,ESPINAR,COPORAQUE,FALCONUYOQ
CUSCO,ESPINAR,COPORAQUE,FORESTAL
CUSCO,ESPINAR,COPORAQUE,HACHACCOLLO
CUSCO,ESPINAR,COPORAQUE,HATUNTIANA
CUSCO,ESPINAR,COPORAQUE,HUACCALLUYO
CUSCO,ESPINAR,COPORAQUE,HUANCALLPE
CUSCO,ESPINAR,COPORAQUE,HUANCASAYA
CUSCO,ESPINAR,COPORAQUE,HUARCAYA
CUSCO,ESPINAR,COPORAQUE,HUASAPAMPA
CUSCO,ESPINAR,COPORAQUE,HUAYLLANI
CUSCO,ESPINAR,COPORAQUE,HUAYLLUMAYO
CUSCO,ESPINAR,COPORAQUE,HUCHUYHUAYCCO
CUSCO,ESPINAR,COPORAQUE,HUECCO PAMPA
CUSCO,ESPINAR,COPORAQUE,HUECCOCCATA
CUSCO,ESPINAR,COPORAQUE,HUICHI
CUSCO,ESPINAR,COPORAQUE,HUISALLULLO
CUSCO,ESPINAR,COPORAQUE,ICHANUMA
CUSCO,ESPINAR,COPORAQUE,ICHOCCOLLO
CUSCO,ESPINAR,COPORAQUE,IRAPANA
CUSCO,ESPINAR,COPORAQUE,ISCAYRUMIYOC
CUSCO,ESPINAR,COPORAQUE,ISCUCHACA
CUSCO,ESPINAR,COPORAQUE,ITUNA
CUSCO,ESPINAR,COPORAQUE,JAPUMAYU
CUSCO,ESPINAR,COPORAQUE,KERHUA
CUSCO,ESPINAR,COPORAQUE,KIMPI
CUSCO,ESPINAR,COPORAQUE,KUYO
CUSCO,ESPINAR,COPORAQUE,LAUCA
CUSCO,ESPINAR,COPORAQUE,LLACHUNE
CUSCO,ESPINAR,COPORAQUE,LLANK UPE
CUSCO,ESPINAR,COPORAQUE,LLUSKA CCACCA
CUSCO,ESPINAR,COPORAQUE,LONGERIA
CUSCO,ESPINAR,COPORAQUE,MACHACANIA
CUSCO,ESPINAR,COPORAQUE,MACHACCOYO
CUSCO,ESPINAR,COPORAQUE,MAICHA
CUSCO,ESPINAR,COPORAQUE,MALLCUSAMANA
CUSCO,ESPINAR,COPORAQUE,MANQUERI
CUSCO,ESPINAR,COPORAQUE,MAYOTINCO
CUSCO,ESPINAR,COPORAQUE,MORMONTANI
CUSCO,ESPINAR,COPORAQUE,MOROCAHUA
CUSCO,ESPINAR,COPORAQUE,MOROCAYLLA
CUSCO,ESPINAR,COPORAQUE,MOROCCOTA
CUSCO,ESPINAR,COPORAQUE,OTANA
CUSCO,ESPINAR,COPORAQUE,PALLCA PAMPA
CUSCO,ESPINAR,COPORAQUE,PAMPA BLANCA
CUSCO,ESPINAR,COPORAQUE,PATILLANI
CUSCO,ESPINAR,COPORAQUE,PAUTINA
CUSCO,ESPINAR,COPORAQUE,PHAUSA
CUSCO,ESPINAR,COPORAQUE,PHINAYA
CUSCO,ESPINAR,COPORAQUE,PROGRESO
CUSCO,ESPINAR,COPORAQUE,PUCACANCHA
CUSCO,ESPINAR,COPORAQUE,PUCARA (HUAYLLONCCA)
CUSCO,ESPINAR,COPORAQUE,PUCCACCASA
CUSCO,ESPINAR,COPORAQUE,PULPERA
CUSCO,ESPINAR,COPORAQUE,PUQUIOCUTO
CUSCO,ESPINAR,COPORAQUE,QQUELLO CCACCA
CUSCO,ESPINAR,COPORAQUE,QUEBRADA HONDA
CUSCO,ESPINAR,COPORAQUE,QUELLO HUMA
CUSCO,ESPINAR,COPORAQUE,SALLACUCHO
CUSCO,ESPINAR,COPORAQUE,SALLOCCOLLO
CUSCO,ESPINAR,COPORAQUE,SANTA ANA
CUSCO,ESPINAR,COPORAQUE,SANTA BARBARA
CUSCO,ESPINAR,COPORAQUE,SANTA ROSA
CUSCO,ESPINAR,COPORAQUE,SOQJA
CUSCO,ESPINAR,COPORAQUE,SORAPATA
CUSCO,ESPINAR,COPORAQUE,SOYTOCCO
CUSCO,ESPINAR,COPORAQUE,SUCHUNA
CUSCO,ESPINAR,COPORAQUE,SURA
CUSCO,ESPINAR,COPORAQUE,SURAPAMPA
CUSCO,ESPINAR,COPORAQUE,SURO OCCO
CUSCO,ESPINAR,COPORAQUE,TACCACCA
CUSCO,ESPINAR,COPORAQUE,TAHUARPALCCA CENTRAL
CUSCO,ESPINAR,COPORAQUE,TALLCOMAYO
CUSCO,ESPINAR,COPORAQUE,TALTAPATA
CUSCO,ESPINAR,COPORAQUE,TAMBO MATTE
CUSCO,ESPINAR,COPORAQUE,TANAYA
CUSCO,ESPINAR,COPORAQUE,TAQUIPALCA
CUSCO,ESPINAR,COPORAQUE,THURPA ALTO
CUSCO,ESPINAR,COPORAQUE,TINTANA
CUSCO,ESPINAR,COPORAQUE,TISCO - NEAREST 2KM
CUSCO,ESPINAR,COPORAQUE,TOCUIRE
CUSCO,ESPINAR,COPORAQUE,TOMADERO
CUSCO,ESPINAR,COPORAQUE,TOROMANI
CUSCO,ESPINAR,COPORAQUE,TOTO ROCCO
CUSCO,ESPINAR,COPORAQUE,TOTORA PATA
CUSCO,ESPINAR,COPORAQUE,TRES FLORES
CUSCO,ESPINAR,COPORAQUE,TTAJRACANCHA
CUSCO,ESPINAR,COPORAQUE,TUCSA
CUSCO,ESPINAR,COPORAQUE,TURPA CENTRAL
CUSCO,ESPINAR,COPORAQUE,UMAHUALA
CUSCO,ESPINAR,COPORAQUE,UTHANA
CUSCO,ESPINAR,COPORAQUE,VELILLE - NEAREST 2KM
CUSCO,ESPINAR,COPORAQUE,VERDON
CUSCO,ESPINAR,COPORAQUE,VILCANOTA
CUSCO,ESPINAR,COPORAQUE,VISCACHANI
CUSCO,ESPINAR,COPORAQUE,YURAQ CCACCA
CUSCO,ESPINAR,ESPINAR,AEROPUERTO
CUSCO,ESPINAR,ESPINAR,AGRARIO
CUSCO,ESPINAR,ESPINAR,ALTO HANCCOLLAHUA
CUSCO,ESPINAR,ESPINAR,AYPULLANI
CUSCO,ESPINAR,ESPINAR,CAJARANI
CUSCO,ESPINAR,ESPINAR,CALA CALA
CUSCO,ESPINAR,ESPINAR,CALLEJONPAMPA
CUSCO,ESPINAR,ESPINAR,CALUYO OLLACHICA
CUSCO,ESPINAR,ESPINAR,CAMA
CUSCO,ESPINAR,ESPINAR,CAQUENCURA
CUSCO,ESPINAR,ESPINAR,CCAYOCCAYO
CUSCO,ESPINAR,ESPINAR,CCOCHAPATA
CUSCO,ESPINAR,ESPINAR,CCOLLPAUMA
CUSCO,ESPINAR,ESPINAR,CCONAMURO
CUSCO,ESPINAR,ESPINAR,CHACCO DOS
CUSCO,ESPINAR,ESPINAR,CHALLCHA
CUSCO,ESPINAR,ESPINAR,CHAPI CHULLO
CUSCO,ESPINAR,ESPINAR,CHAPICUCHO
CUSCO,ESPINAR,ESPINAR,CHHOSICCANI
CUSCO,ESPINAR,ESPINAR,CHOQUEPITO
CUSCO,ESPINAR,ESPINAR,CHULLOROTA
CUSCO,ESPINAR,ESPINAR,CHULLUPATA
CUSCO,ESPINAR,ESPINAR,COYME PAMPA
CUSCO,ESPINAR,ESPINAR,ESPINAR (YAURI) - NEAREST 2KM
CUSCO,ESPINAR,ESPINAR,HANCCOLLAHUA
CUSCO,ESPINAR,ESPINAR,HILACHOQUE
CUSCO,ESPINAR,ESPINAR,HUACALLUYO (SUERO CENTRO)
CUSCO,ESPINAR,ESPINAR,HUACHANCIRCA
CUSCO,ESPINAR,ESPINAR,HUACSITIANA
CUSCO,ESPINAR,ESPINAR,HUALLANTERA
CUSCO,ESPINAR,ESPINAR,HUANCARUMA
CUSCO,ESPINAR,ESPINAR,HUARA HUARA
CUSCO,ESPINAR,ESPINAR,HUARCA
CUSCO,ESPINAR,ESPINAR,HUARCA CENTRO
CUSCO,ESPINAR,ESPINAR,HUATACOLLO
CUSCO,ESPINAR,ESPINAR,HUAYLLUMAYO
CUSCO,ESPINAR,ESPINAR,HUILLCARANI
CUSCO,ESPINAR,ESPINAR,HUINI
CUSCO,ESPINAR,ESPINAR,HUISA FUNDO HUINI
CUSCO,ESPINAR,ESPINAR,HUISAPUGIO
CUSCO,ESPINAR,ESPINAR,JAPU
CUSCO,ESPINAR,ESPINAR,JATARANA
CUSCO,ESPINAR,ESPINAR,MUNAYPATA
CUSCO,ESPINAR,ESPINAR,NUEVA ESPERANZA
CUSCO,ESPINAR,ESPINAR,OCORURO - NEAREST 2KM
CUSCO,ESPINAR,ESPINAR,OJRAYA
CUSCO,ESPINAR,ESPINAR,PARACCAY
CUSCO,ESPINAR,ESPINAR,PARARANI
CUSCO,ESPINAR,ESPINAR,PARQUE LOMAYO
CUSCO,ESPINAR,ESPINAR,PATILLANE
CUSCO,ESPINAR,ESPINAR,PHINAYAPAMPA
CUSCO,ESPINAR,ESPINAR,PHYTO PATA
CUSCO,ESPINAR,ESPINAR,PUCARA
CUSCO,ESPINAR,ESPINAR,PUCRUTANA
CUSCO,ESPINAR,ESPINAR,PULPERA
CUSCO,ESPINAR,ESPINAR,QACHACHI
CUSCO,ESPINAR,ESPINAR,QUECHUAS
CUSCO,ESPINAR,ESPINAR,QUIMSA CHATA
CUSCO,ESPINAR,ESPINAR,QUINSA CANCHA
CUSCO,ESPINAR,ESPINAR,QUISITERA
CUSCO,ESPINAR,ESPINAR,RIMACHI
CUSCO,ESPINAR,ESPINAR,SAIHUACCATA
CUSCO,ESPINAR,ESPINAR,SAN JOSE
CUSCO,ESPINAR,ESPINAR,SAN MARTIN
CUSCO,ESPINAR,ESPINAR,SAYCUTA
CUSCO,ESPINAR,ESPINAR,SOL NACIENTE
CUSCO,ESPINAR,ESPINAR,SUCAMARCA
CUSCO,ESPINAR,ESPINAR,TAMBORANI
CUSCO,ESPINAR,ESPINAR,TAYLLE
CUSCO,ESPINAR,ESPINAR,TOCSAMAYO
CUSCO,ESPINAR,ESPINAR,UMAHUALA
CUSCO,ESPINAR,ESPINAR,URBAYANI
CUSCO,ESPINAR,ESPINAR,YANACANCHA
CUSCO,ESPINAR,ESPINAR,YANACCOLLPA
CUSCO,ESPINAR,ESPINAR,YUCRAPAMPA
CUSCO,ESPINAR,ESPINAR,YURACCASA
CUSCO,ESPINAR,OCORURO,ACCOYUTA
CUSCO,ESPINAR,OCORURO,ACHASERCA
CUSCO,ESPINAR,OCORURO,ALCAMARINA
CUSCO,ESPINAR,OCORURO,ALTO HUILLOMA
CUSCO,ESPINAR,OCORURO,AMALPINA
CUSCO,ESPINAR,OCORURO,ANTASAYA
CUSCO,ESPINAR,OCORURO,ARCO PUNCO
CUSCO,ESPINAR,OCORURO,ARCOPUNCO
CUSCO,ESPINAR,OCORURO,CALANCO
CUSCO,ESPINAR,OCORURO,CALANCO ALTO
CUSCO,ESPINAR,OCORURO,CALLUTA
CUSCO,ESPINAR,OCORURO,CANCHITAYOC
CUSCO,ESPINAR,OCORURO,CCACCAPATA
CUSCO,ESPINAR,OCORURO,CCORAHUATA
CUSCO,ESPINAR,OCORURO,CHECCONE
CUSCO,ESPINAR,OCORURO,CHECTACHANCARA
CUSCO,ESPINAR,OCORURO,CHILA
CUSCO,ESPINAR,OCORURO,CHILA PUCARA
CUSCO,ESPINAR,OCORURO,CHINGONI INTI CHOQUE
CUSCO,ESPINAR,OCORURO,CHINGUNI INTICHOQUE
CUSCO,ESPINAR,OCORURO,CONDOR SAYANA
CUSCO,ESPINAR,OCORURO,CONDOROMA - NEAREST 2KM
CUSCO,ESPINAR,OCORURO,COTACOTA
CUSCO,ESPINAR,OCORURO,FLORIDA
CUSCO,ESPINAR,OCORURO,HECTOR TEJADA - NEAREST 2KM
CUSCO,ESPINAR,OCORURO,HUALCA
CUSCO,ESPINAR,OCORURO,HUALLCANA(WILCANA ALASANA)
CUSCO,ESPINAR,OCORURO,HUARACHA
CUSCO,ESPINAR,OCORURO,HUARACONI SICSILLANI
CUSCO,ESPINAR,OCORURO,HUARAYANI
CUSCO,ESPINAR,OCORURO,HUASACHILA
CUSCO,ESPINAR,OCORURO,JAMPATUMA CHICO
CUSCO,ESPINAR,OCORURO,JAMPATUMA GRANDE
CUSCO,ESPINAR,OCORURO,JARUMA CHARANDERA
CUSCO,ESPINAR,OCORURO,JARUMAYO
CUSCO,ESPINAR,OCORURO,KINSACHATA
CUSCO,ESPINAR,OCORURO,LLACTU
CUSCO,ESPINAR,OCORURO,LLICTA
CUSCO,ESPINAR,OCORURO,MICHAMICHANI
CUSCO,ESPINAR,OCORURO,OCORURO - NEAREST 2KM
CUSCO,ESPINAR,OCORURO,PARINA
CUSCO,ESPINAR,OCORURO,PESQUEOTANA
CUSCO,ESPINAR,OCORURO,SAPANMURO
CUSCO,ESPINAR,OCORURO,SONCCO PATA
CUSCO,ESPINAR,OCORURO,TACUYO
CUSCO,ESPINAR,OCORURO,TORREMAYO
CUSCO,ESPINAR,OCORURO,TUTAPANA
CUSCO,ESPINAR,OCORURO,URA HUILLOMA
CUSCO,ESPINAR,OCORURO,YURACCASA
CUSCO,ESPINAR,PALLPATA,AJOYANI ALTO
CUSCO,ESPINAR,PALLPATA,ALCCAMARES
CUSCO,ESPINAR,PALLPATA,ALPACOMANA
CUSCO,ESPINAR,PALLPATA,ALTO - KACTA
CUSCO,ESPINAR,PALLPATA,ALTO JAYUNI
CUSCO,ESPINAR,PALLPATA,ANTA ALTO (UNION ANTA)
CUSCO,ESPINAR,PALLPATA,ARCOPUNCO
CUSCO,ESPINAR,PALLPATA,AYMAMAYO
CUSCO,ESPINAR,PALLPATA,CABUYUTA
CUSCO,ESPINAR,PALLPATA,CALANCO ALTO
CUSCO,ESPINAR,PALLPATA,CALUYO OLLACHICA
CUSCO,ESPINAR,PALLPATA,CASA PERLA
CUSCO,ESPINAR,PALLPATA,CCAJA
CUSCO,ESPINAR,PALLPATA,CCANCCAHUANI CHICO
CUSCO,ESPINAR,PALLPATA,CCANCO MAYO
CUSCO,ESPINAR,PALLPATA,CHACSILLA ALTA
CUSCO,ESPINAR,PALLPATA,CHANCARANI
CUSCO,ESPINAR,PALLPATA,CHANIMAYO
CUSCO,ESPINAR,PALLPATA,CHECTACHANCARA
CUSCO,ESPINAR,PALLPATA,CHIPTA
CUSCO,ESPINAR,PALLPATA,CPR
CUSCO,ESPINAR,PALLPATA,ESPERANZA
CUSCO,ESPINAR,PALLPATA,ESPIRILLA
CUSCO,ESPINAR,PALLPATA,FORARANI - PUCARA
CUSCO,ESPINAR,PALLPATA,HANCCOCCAHUA
CUSCO,ESPINAR,PALLPATA,HECTOR TEJADA - NEAREST 2KM
CUSCO,ESPINAR,PALLPATA,HUACROYUTA MARQUIRI
CUSCO,ESPINAR,PALLPATA,HUANACUYO KASILLO
CUSCO,ESPINAR,PALLPATA,HUANQQUERE
CUSCO,ESPINAR,PALLPATA,HUARACHAPAMPA
CUSCO,ESPINAR,PALLPATA,HUAYNASI
CUSCO,ESPINAR,PALLPATA,HUSTIA
CUSCO,ESPINAR,PALLPATA,JAPO CENTRAL
CUSCO,ESPINAR,PALLPATA,JARUMA AMAYANI
CUSCO,ESPINAR,PALLPATA,JARUMA CCANCCAHUANI
CUSCO,ESPINAR,PALLPATA,JARUMA CHARANDERA
CUSCO,ESPINAR,PALLPATA,JARUMA CHARAPURA
CUSCO,ESPINAR,PALLPATA,JARUMA CHILLAJE HUAYQO
CUSCO,ESPINAR,PALLPATA,JARUMA KINSACHULLO
CUSCO,ESPINAR,PALLPATA,JARUMA KISIMOQO
CUSCO,ESPINAR,PALLPATA,JARUMA LECCO
CUSCO,ESPINAR,PALLPATA,JARUMA NUEVA ESPERANZA
CUSCO,ESPINAR,PALLPATA,JARUMA PATA CHAQUELLA
CUSCO,ESPINAR,PALLPATA,JARUMA QOLLPA
CUSCO,ESPINAR,PALLPATA,JARUMA SALLANI
CUSCO,ESPINAR,PALLPATA,JARUMA SERQUILLANI
CUSCO,ESPINAR,PALLPATA,JARUMA SORA
CUSCO,ESPINAR,PALLPATA,JARUMA SORA MAYO
CUSCO,ESPINAR,PALLPATA,JARUMA SORUMA
CUSCO,ESPINAR,PALLPATA,JARUMA SUTUNTA ALTA
CUSCO,ESPINAR,PALLPATA,JARUMA SUTUNTA BAJA
CUSCO,ESPINAR,PALLPATA,JARUMA TOQLLA PATILLANI
CUSCO,ESPINAR,PALLPATA,JAYUNI HANCCOHUARAQO
CUSCO,ESPINAR,PALLPATA,JAYUNI HUANCCORALLANA
CUSCO,ESPINAR,PALLPATA,JAYUNI HUAYLLAPATA
CUSCO,ESPINAR,PALLPATA,JAYUNI KINSA PUJIO
CUSCO,ESPINAR,PALLPATA,JAYUNI SAYWA SIRCA
CUSCO,ESPINAR,PALLPATA,JAYUNI VILANTA
CUSCO,ESPINAR,PALLPATA,KARPANA CHULLUPATA
CUSCO,ESPINAR,PALLPATA,KASILLO MAYO
CUSCO,ESPINAR,PALLPATA,KATAWINA WAYRACPUNCO
CUSCO,ESPINAR,PALLPATA,LLAIQUEPAMPA
CUSCO,ESPINAR,PALLPATA,LLALLI - NEAREST 2KM
CUSCO,ESPINAR,PALLPATA,MAMANOCCA
CUSCO,ESPINAR,PALLPATA,MILLPU
CUSCO,ESPINAR,PALLPATA,OCORURO - NEAREST 2KM
CUSCO,ESPINAR,PALLPATA,PACOHUANCCO
CUSCO,ESPINAR,PALLPATA,PAMPACCOTA SALLANI
CUSCO,ESPINAR,PALLPATA,PARCUYO
CUSCO,ESPINAR,PALLPATA,PRADO - ESPERANZA
CUSCO,ESPINAR,PALLPATA,PUCARA EMILIA
CUSCO,ESPINAR,PALLPATA,PUCARA KANTERCANA KASILLO
CUSCO,ESPINAR,PALLPATA,PUJUNI
CUSCO,ESPINAR,PALLPATA,PUKA HUALLPA
CUSCO,ESPINAR,PALLPATA,RANCHO SOSAYA
CUSCO,ESPINAR,PALLPATA,RIMACHI
CUSCO,ESPINAR,PALLPATA,SAPANMURO
CUSCO,ESPINAR,PALLPATA,SORAQOTA
CUSCO,ESPINAR,PALLPATA,TACOPATA
CUSCO,ESPINAR,PALLPATA,TAHUACTU
CUSCO,ESPINAR,PALLPATA,TAHUANI
CUSCO,ESPINAR,PALLPATA,TARUKAMARCA JARUMA
CUSCO,ESPINAR,PALLPATA,TAYPEPATA
CUSCO,ESPINAR,PALLPATA,TOQO CANCHA
CUSCO,ESPINAR,PALLPATA,TORCCA
CUSCO,ESPINAR,PALLPATA,TORREMAYO
CUSCO,ESPINAR,PALLPATA,TURMANA
CUSCO,ESPINAR,PALLPATA,VISCACHANI
CUSCO,ESPINAR,PALLPATA,VISTA ALEGRE
CUSCO,ESPINAR,PALLPATA,WAYLLANI
CUSCO,ESPINAR,PICHIGUA,ACCOCUNCA - NEAREST 2KM
CUSCO,ESPINAR,PICHIGUA,AMAYANI
CUSCO,ESPINAR,PICHIGUA,BALCON CCACCA
CUSCO,ESPINAR,PICHIGUA,BARRANCO
CUSCO,ESPINAR,PICHIGUA,CCACINCURANI
CUSCO,ESPINAR,PICHIGUA,CCARHUACCONTA
CUSCO,ESPINAR,PICHIGUA,CHHOSICCANI
CUSCO,ESPINAR,PICHIGUA,CUSIBAMBA
CUSCO,ESPINAR,PICHIGUA,ETURUTA
CUSCO,ESPINAR,PICHIGUA,HATUN SILLOTA
CUSCO,ESPINAR,PICHIGUA,IRUSAMANA
CUSCO,ESPINAR,PICHIGUA,JATUNMAYO
CUSCO,ESPINAR,PICHIGUA,KANAMARCA
CUSCO,ESPINAR,PICHIGUA,KINSACANCHA
CUSCO,ESPINAR,PICHIGUA,LLOQUETA
CUSCO,ESPINAR,PICHIGUA,MOROCCOY
CUSCO,ESPINAR,PICHIGUA,OQUEBAMBA
CUSCO,ESPINAR,PICHIGUA,PARHUAYANI
CUSCO,ESPINAR,PICHIGUA,PATILLANI
CUSCO,ESPINAR,PICHIGUA,PICHIGUA - NEAREST 2KM
CUSCO,ESPINAR,PICHIGUA,PUCARA
CUSCO,ESPINAR,PICHIGUA,PUMAHINCHO PUCARA
CUSCO,ESPINAR,PICHIGUA,QQUESCAMAYO
CUSCO,ESPINAR,PICHIGUA,QUICSANE
CUSCO,ESPINAR,PICHIGUA,SAN MIGUEL
CUSCO,ESPINAR,PICHIGUA,TAMBOMAYO
CUSCO,ESPINAR,PICHIGUA,TANCAA
CUSCO,ESPINAR,PICHIGUA,TAWANA PATA
CUSCO,ESPINAR,PICHIGUA,VELAFRO
CUSCO,ESPINAR,PICHIGUA,YANACANCHA
CUSCO,ESPINAR,PICHIGUA,YANACCOLLPA
CUSCO,ESPINAR,SUYCKUTAMBO,ACCOPUCRO
CUSCO,ESPINAR,SUYCKUTAMBO,ACHACHILLA
CUSCO,ESPINAR,SUYCKUTAMBO,ANANOCCA
CUSCO,ESPINAR,SUYCKUTAMBO,APACHETA
CUSCO,ESPINAR,SUYCKUTAMBO,BAJO ALLCAWITA
CUSCO,ESPINAR,SUYCKUTAMBO,CALLANJA (ALTO HUANGARA)
CUSCO,ESPINAR,SUYCKUTAMBO,CAYLLOMA - NEAREST 2KM
CUSCO,ESPINAR,SUYCKUTAMBO,CCALLCCA
CUSCO,ESPINAR,SUYCKUTAMBO,CCOPACHULLO
CUSCO,ESPINAR,SUYCKUTAMBO,CCOTAHUATA
CUSCO,ESPINAR,SUYCKUTAMBO,CCOTOPUCYO
CUSCO,ESPINAR,SUYCKUTAMBO,CHILAYO
CUSCO,ESPINAR,SUYCKUTAMBO,CHILUYO
CUSCO,ESPINAR,SUYCKUTAMBO,CHININE
CUSCO,ESPINAR,SUYCKUTAMBO,COCHA
CUSCO,ESPINAR,SUYCKUTAMBO,COPORAQUE - NEAREST 2KM
CUSCO,ESPINAR,SUYCKUTAMBO,HUAYLLAPUCYO
CUSCO,ESPINAR,SUYCKUTAMBO,HUAYLLOHUMA
CUSCO,ESPINAR,SUYCKUTAMBO,HUNIMATA
CUSCO,ESPINAR,SUYCKUTAMBO,JARATERA
CUSCO,ESPINAR,SUYCKUTAMBO,LLASCCAMAYO
CUSCO,ESPINAR,SUYCKUTAMBO,LLUSCACJATA
CUSCO,ESPINAR,SUYCKUTAMBO,MOCHICA
CUSCO,ESPINAR,SUYCKUTAMBO,PALLCCA
CUSCO,ESPINAR,SUYCKUTAMBO,PATILLANE (CHOQUEHUACRA)
CUSCO,ESPINAR,SUYCKUTAMBO,PITULLA
CUSCO,ESPINAR,SUYCKUTAMBO,SALLOCCOLLO
CUSCO,ESPINAR,SUYCKUTAMBO,SARAYASI
CUSCO,ESPINAR,SUYCKUTAMBO,SOYROCOTA
CUSCO,ESPINAR,SUYCKUTAMBO,SURA
CUSCO,ESPINAR,SUYCKUTAMBO,SUYCKUTAMBO /5 - NEAREST 2KM
CUSCO,ESPINAR,SUYCKUTAMBO,SUYTHOOCCO
CUSCO,ESPINAR,SUYCKUTAMBO,TACRAMAYO
CUSCO,ESPINAR,SUYCKUTAMBO,TAMBOUMA
CUSCO,ESPINAR,SUYCKUTAMBO,THAYAQUE
CUSCO,ESPINAR,SUYCKUTAMBO,TIKA
CUSCO,ESPINAR,SUYCKUTAMBO,TISCO - NEAREST 2KM
CUSCO,ESPINAR,SUYCKUTAMBO,TOROYOC
CUSCO,ESPINAR,SUYCKUTAMBO,TORRECCACCA
CUSCO,ESPINAR,SUYCKUTAMBO,TOTO ROCCO
CUSCO,ESPINAR,SUYCKUTAMBO,YAPATERA
CUSCO,ESPINAR,SUYCKUTAMBO,YURAC HUACA
CUSCO,ESPINAR,SUYCKUTAMBO,YURAQCANCHA
CUSCO,LA CONVENCION,CIELO PUNCO,ALTO MAYO
CUSCO,LA CONVENCION,CIELO PUNCO,CHIQUINTIRCA - NEAREST 2KM
CUSCO,LA CONVENCION,CIELO PUNCO,ECHARATE - NEAREST 2KM
CUSCO,LA CONVENCION,CIELO PUNCO,KIMBIRI - NEAREST 2KM
CUSCO,LA CONVENCION,CIELO PUNCO,PALMA DE ORO
CUSCO,LA CONVENCION,ECHARATE,ALTO CHARAHUATO
CUSCO,LA CONVENCION,ECHARATE,ALTO CHINGURIATO
CUSCO,LA CONVENCION,ECHARATE,ALTO MANTALO
CUSCO,LA CONVENCION,ECHARATE,ALTO MANUGALI MARGEN DERECHA
CUSCO,LA CONVENCION,ECHARATE,ALTO MATERIATO
CUSCO,LA CONVENCION,ECHARATE,ALTO PACHIRI
CUSCO,LA CONVENCION,ECHARATE,ALTO PALMA REAL
CUSCO,LA CONVENCION,ECHARATE,ALTO SIMBENI
CUSCO,LA CONVENCION,ECHARATE,ALTO YOMENTOATO
CUSCO,LA CONVENCION,ECHARATE,BAJO MAPITUNUARI (CHIMPARINA)
CUSCO,LA CONVENCION,ECHARATE,BAJO YANASHIRI
CUSCO,LA CONVENCION,ECHARATE,CACHINGARI
CUSCO,LA CONVENCION,ECHARATE,CALVARIO
CUSCO,LA CONVENCION,ECHARATE,CANDELARIA
CUSCO,LA CONVENCION,ECHARATE,CHAPO GRANDE
CUSCO,LA CONVENCION,ECHARATE,CHAPO GRANDE ALTO
CUSCO,LA CONVENCION,ECHARATE,CHAPO KUVIRIARI
CUSCO,LA CONVENCION,ECHARATE,CHAPO SANARIATO BAJO
CUSCO,LA CONVENCION,ECHARATE,CHAPO SANATARIATO ALTO
CUSCO,LA CONVENCION,ECHARATE,CHURITIARI
CUSCO,LA CONVENCION,ECHARATE,CONFORTAYOC
CUSCO,LA CONVENCION,ECHARATE,DORADO
CUSCO,LA CONVENCION,ECHARATE,DUCHISELA
CUSCO,LA CONVENCION,ECHARATE,ECHARATE - NEAREST 2KM
CUSCO,LA CONVENCION,ECHARATE,FLORIDA
CUSCO,LA CONVENCION,ECHARATE,IBANQUI ALTO
CUSCO,LA CONVENCION,ECHARATE,ICHIQUIATO ALTO UNION
CUSCO,LA CONVENCION,ECHARATE,KAMANKIRIATO
CUSCO,LA CONVENCION,ECHARATE,KAPASHIARI
CUSCO,LA CONVENCION,ECHARATE,KITENI MARGEN DERECHA
CUSCO,LA CONVENCION,ECHARATE,LUCMA - NEAREST 2KM
CUSCO,LA CONVENCION,ECHARATE,MAYUNGARI
CUSCO,LA CONVENCION,ECHARATE,MEDIO IVOCHOTE
CUSCO,LA CONVENCION,ECHARATE,NUEVA CALIFORNIA
CUSCO,LA CONVENCION,ECHARATE,PALMAYOC
CUSCO,LA CONVENCION,ECHARATE,PAQUICHARI
CUSCO,LA CONVENCION,ECHARATE,PASNAPACANA
CUSCO,LA CONVENCION,ECHARATE,PORENKISHIARI
CUSCO,LA CONVENCION,ECHARATE,QUEBRADA HONDA
CUSCO,LA CONVENCION,ECHARATE,QUELLOUNO - NEAREST 2KM
CUSCO,LA CONVENCION,ECHARATE,RIO BLANCO
CUSCO,LA CONVENCION,ECHARATE,ROSALINA ALTA
CUSCO,LA CONVENCION,ECHARATE,SAN LORENZO
CUSCO,LA CONVENCION,ECHARATE,SANTA LUCIA
CUSCO,LA CONVENCION,ECHARATE,TERENGAVINE
CUSCO,LA CONVENCION,ECHARATE,TUCANTINAS
CUSCO,LA CONVENCION,ECHARATE,YOYATO
CUSCO,LA CONVENCION,ECHARATE,YOYATO ALTO
CUSCO,LA CONVENCION,ECHARATE,YOYATO BAJO
CUSCO,LA CONVENCION,ECHARATE,YOYATO CENTRO
CUSCO,LA CONVENCION,HUAYOPATA,ABRA MALAGA
CUSCO,LA CONVENCION,HUAYOPATA,APUTINYA
CUSCO,LA CONVENCION,HUAYOPATA,BATEAYOC
CUSCO,LA CONVENCION,HUAYOPATA,CALQUINA
CUSCO,LA CONVENCION,HUAYOPATA,CANCHAYOC
CUSCO,LA CONVENCION,HUAYOPATA,CCOCHAYOC
CUSCO,LA CONVENCION,HUAYOPATA,IPAL /6 - NEAREST 2KM
CUSCO,LA CONVENCION,HUAYOPATA,ISLAYUNCA
CUSCO,LA CONVENCION,HUAYOPATA,MALAGA CHICO
CUSCO,LA CONVENCION,HUAYOPATA,PANTICALLE
CUSCO,LA CONVENCION,HUAYOPATA,YANAMANCHI
CUSCO,LA CONVENCION,INKAWASI,CHAMANAYOC
CUSCO,LA CONVENCION,INKAWASI,LUCMA - NEAREST 2KM
CUSCO,LA CONVENCION,INKAWASI,LUCMAHUAYCCO
CUSCO,LA CONVENCION,INKAWASI,OCCORO
CUSCO,LA CONVENCION,INKAWASI,PLATANAL
CUSCO,LA CONVENCION,INKAWASI,YAUYACU
CUSCO,LA CONVENCION,KIMBIRI,BUENA VISTA
CUSCO,LA CONVENCION,KIMBIRI,CASHIROVENI
CUSCO,LA CONVENCION,KIMBIRI,KIMBIRI - NEAREST 2KM
CUSCO,LA CONVENCION,KIMBIRI,KIPASHIARI
CUSCO,LA CONVENCION,KIMBIRI,LIBERTAD
CUSCO,LA CONVENCION,KIMBIRI,MAQUETE SANTANIATO
CUSCO,LA CONVENCION,KIMBIRI,PICHARI - NEAREST 2KM
CUSCO,LA CONVENCION,KIMBIRI,POMORENI
CUSCO,LA CONVENCION,KIMBIRI,PUERTO RICO
CUSCO,LA CONVENCION,KIMBIRI,SAMPANTUARI NATIVO
CUSCO,LA CONVENCION,KIMBIRI,SANTA ROSA - NEAREST 2KM
CUSCO,LA CONVENCION,KIMBIRI,VILLA EL SALVADOR
CUSCO,LA CONVENCION,KUMPIRUSHIATO,ABRA CIGAKIATO
CUSCO,LA CONVENCION,KUMPIRUSHIATO,AENDOSHIARI
CUSCO,LA CONVENCION,KUMPIRUSHIATO,ALTO KEPASHIATO
CUSCO,LA CONVENCION,KUMPIRUSHIATO,BAJO POSTAKIATO
CUSCO,LA CONVENCION,KUMPIRUSHIATO,BOCA PUYENTIMARI
CUSCO,LA CONVENCION,KUMPIRUSHIATO,CIGAKIATO
CUSCO,LA CONVENCION,KUMPIRUSHIATO,ECHARATE - NEAREST 2KM
CUSCO,LA CONVENCION,KUMPIRUSHIATO,KIMBIRI - NEAREST 2KM
CUSCO,LA CONVENCION,KUMPIRUSHIATO,MANATARUSHIATO
CUSCO,LA CONVENCION,KUMPIRUSHIATO,NUEVA ESPERANZA
CUSCO,LA CONVENCION,KUMPIRUSHIATO,OZONAMPIATO
CUSCO,LA CONVENCION,KUMPIRUSHIATO,OZONAMPIATO MARGEN IZQUIERDA
CUSCO,LA CONVENCION,KUMPIRUSHIATO,PUGUIENTIMARI MARGEN DERECHO
CUSCO,LA CONVENCION,KUMPIRUSHIATO,SANKUARENI
CUSCO,LA CONVENCION,KUMPIRUSHIATO,SHIMAA
CUSCO,LA CONVENCION,KUMPIRUSHIATO,SHIRIMPIARI
CUSCO,LA CONVENCION,KUMPIRUSHIATO,SOL NACIENTE
CUSCO,LA CONVENCION,KUMPIRUSHIATO,TIPESHIARI
CUSCO,LA CONVENCION,KUMPIRUSHIATO,TRIORIO
CUSCO,LA CONVENCION,MANITEA,CENTRO BELEN
CUSCO,LA CONVENCION,MANITEA,KIMBIRI - NEAREST 2KM
CUSCO,LA CONVENCION,MANITEA,MANITEA BAJA
CUSCO,LA CONVENCION,MANITEA,MAQUETE SANTANIATO
CUSCO,LA CONVENCION,MANITEA,MASERINE BAJA
CUSCO,LA CONVENCION,MANITEA,NUEVA LUZ
CUSCO,LA CONVENCION,MANITEA,PALMA DE ORO
CUSCO,LA CONVENCION,MANITEA,SAN LUIS ALTO
CUSCO,LA CONVENCION,MANITEA,SAN MIGUEL - NEAREST 2KM
CUSCO,LA CONVENCION,MARANURA,ARANSAYOC
CUSCO,LA CONVENCION,MARANURA,MARANURA - NEAREST 2KM
CUSCO,LA CONVENCION,MARANURA,QUILLABAMBA - NEAREST 2KM
CUSCO,LA CONVENCION,MARANURA,QUINTALPATA
CUSCO,LA CONVENCION,MARANURA,RAMOSPATA
CUSCO,LA CONVENCION,MEGANTONI,ALTO TIMPIA
CUSCO,LA CONVENCION,MEGANTONI,CAMPO VERDE
CUSCO,LA CONVENCION,MEGANTONI,ECHARATE - NEAREST 2KM
CUSCO,LA CONVENCION,MEGANTONI,IROMANI
CUSCO,LA CONVENCION,MEGANTONI,KIRIGUETI
CUSCO,LA CONVENCION,MEGANTONI,KOVANTIARI
CUSCO,LA CONVENCION,MEGANTONI,MAYAPO
CUSCO,LA CONVENCION,MEGANTONI,MIARIA
CUSCO,LA CONVENCION,MEGANTONI,NUEVA LUZ
CUSCO,LA CONVENCION,MEGANTONI,NUEVA VIDA
CUSCO,LA CONVENCION,MEGANTONI,NUEVO PROGRESO
CUSCO,LA CONVENCION,MEGANTONI,PAMENCHARONI
CUSCO,LA CONVENCION,MEGANTONI,POROTOBANGO
CUSCO,LA CONVENCION,MEGANTONI,PUERTO RICO
CUSCO,LA CONVENCION,MEGANTONI,SANTA ROSA DE SERJALI
CUSCO,LA CONVENCION,MEGANTONI,SARINGABENI
CUSCO,LA CONVENCION,MEGANTONI,SEPAHUA - NEAREST 2KM
CUSCO,LA CONVENCION,MEGANTONI,TAINI
CUSCO,LA CONVENCION,MEGANTONI,TEXAS
CUSCO,LA CONVENCION,MEGANTONI,TICUMPINIA CHOCORIARI
CUSCO,LA CONVENCION,MEGANTONI,TIMPIA (MISION)
CUSCO,LA CONVENCION,MEGANTONI,TOSHIMA
CUSCO,LA CONVENCION,OCOBAMBA,ALTO VERSALLES
CUSCO,LA CONVENCION,OCOBAMBA,AUCCAMAYO
CUSCO,LA CONVENCION,OCOBAMBA,BELENPATA
CUSCO,LA CONVENCION,OCOBAMBA,CARMEN ALTO
CUSCO,LA CONVENCION,OCOBAMBA,CCANNCCAHUA
CUSCO,LA CONVENCION,OCOBAMBA,CHAUPIMAYO
CUSCO,LA CONVENCION,OCOBAMBA,CHUA
CUSCO,LA CONVENCION,OCOBAMBA,CRUZPATA
CUSCO,LA CONVENCION,OCOBAMBA,ECHARATE - NEAREST 2KM
CUSCO,LA CONVENCION,OCOBAMBA,HATUN HUAYCO
CUSCO,LA CONVENCION,OCOBAMBA,HORNOPAMPA LOROHUACHANA
CUSCO,LA CONVENCION,OCOBAMBA,INCATRANCA
CUSCO,LA CONVENCION,OCOBAMBA,LIRIGUYOC
CUSCO,LA CONVENCION,OCOBAMBA,MARAMPAMPA
CUSCO,LA CONVENCION,OCOBAMBA,MASUCHACA
CUSCO,LA CONVENCION,OCOBAMBA,OCOBAMBA /7 - NEAREST 2KM
CUSCO,LA CONVENCION,OCOBAMBA,PLATERIA
CUSCO,LA CONVENCION,OCOBAMBA,SANTO DOMINGO
CUSCO,LA CONVENCION,OCOBAMBA,SORAYOC
CUSCO,LA CONVENCION,OCOBAMBA,TABLAHUASI
CUSCO,LA CONVENCION,OCOBAMBA,TAMBILLO
CUSCO,LA CONVENCION,OCOBAMBA,TERECHUAY
CUSCO,LA CONVENCION,OCOBAMBA,UTUMA
CUSCO,LA CONVENCION,OCOBAMBA,YURACRUMI
CUSCO,LA CONVENCION,PICHARI,LIBERTAD
CUSCO,LA CONVENCION,PICHARI,LLOCHEGUA - NEAREST 2KM
CUSCO,LA CONVENCION,PICHARI,PICHARI - NEAREST 2KM
CUSCO,LA CONVENCION,PICHARI,SIVIA - NEAREST 2KM
CUSCO,LA CONVENCION,QUELLOUNO,BELLAVISTA
CUSCO,LA CONVENCION,QUELLOUNO,CALANGATO
CUSCO,LA CONVENCION,QUELLOUNO,CHAPO GRANDE ALTO
CUSCO,LA CONVENCION,QUELLOUNO,CHAPO KUVIRIARI
CUSCO,LA CONVENCION,QUELLOUNO,CHAPO SANARIATO BAJO
CUSCO,LA CONVENCION,QUELLOUNO,CHUGUINARI
CUSCO,LA CONVENCION,QUELLOUNO,HUAYRURUYOC
CUSCO,LA CONVENCION,QUELLOUNO,MISION CHIRUMBIA
CUSCO,LA CONVENCION,QUELLOUNO,PAMPA BLANCA
CUSCO,LA CONVENCION,QUELLOUNO,PLATANAL BAJO
CUSCO,LA CONVENCION,QUELLOUNO,PUERTO CARMEN
CUSCO,LA CONVENCION,QUELLOUNO,QUELLOUNO - NEAREST 2KM
CUSCO,LA CONVENCION,QUELLOUNO,QUESQUENTO
CUSCO,LA CONVENCION,QUELLOUNO,QUINTARENA
CUSCO,LA CONVENCION,QUELLOUNO,SAN ROQUE
CUSCO,LA CONVENCION,QUELLOUNO,SANTA TERESITA
CUSCO,LA CONVENCION,QUELLOUNO,SOCOSCHAYOC
CUSCO,LA CONVENCION,QUELLOUNO,TINCURI BAJO
CUSCO,LA CONVENCION,QUELLOUNO,TINTINIQUIATO
CUSCO,LA CONVENCION,QUELLOUNO,YOQUIRI
CUSCO,LA CONVENCION,SANTA ANA,MADRE SELVA
CUSCO,LA CONVENCION,SANTA ANA,QUILLABAMBA - NEAREST 2KM
CUSCO,LA CONVENCION,SANTA ANA,TUNQUIMAYO ALTO (TUNQUIMAYO)
CUSCO,LA CONVENCION,SANTA TERESA,BRASILPAMPA
CUSCO,LA CONVENCION,SANTA TERESA,CACHORA - NEAREST 2KM
CUSCO,LA CONVENCION,SANTA TERESA,CHALAN
CUSCO,LA CONVENCION,SANTA TERESA,CHAUPILOMA
CUSCO,LA CONVENCION,SANTA TERESA,CHONGANA
CUSCO,LA CONVENCION,SANTA TERESA,CHOQUEQUIRAO SANTA ROSA
CUSCO,LA CONVENCION,SANTA TERESA,HUANIPACA - NEAREST 2KM
CUSCO,LA CONVENCION,SANTA TERESA,HUAYRACMACHAY
CUSCO,LA CONVENCION,SANTA TERESA,LLUTUPATA
CUSCO,LA CONVENCION,SANTA TERESA,MACCAYOC
CUSCO,LA CONVENCION,SANTA TERESA,MACHUPICCHU - NEAREST 2KM
CUSCO,LA CONVENCION,SANTA TERESA,MAIZAL
CUSCO,LA CONVENCION,SANTA TERESA,MARAMPATA
CUSCO,LA CONVENCION,SANTA TERESA,PATALLACTA
CUSCO,LA CONVENCION,SANTA TERESA,RAYAMPATA
CUSCO,LA CONVENCION,SANTA TERESA,ROSASPATA
CUSCO,LA CONVENCION,SANTA TERESA,SANTA TERESA - NEAREST 2KM
CUSCO,LA CONVENCION,UNION ASHANINKA,KITAMARONKANI
CUSCO,LA CONVENCION,UNION ASHANINKA,LLOCHEGUA - NEAREST 2KM
CUSCO,LA CONVENCION,UNION ASHANINKA,LOS ANGELES
CUSCO,LA CONVENCION,UNION ASHANINKA,PICHARI - NEAREST 2KM
CUSCO,LA CONVENCION,UNION ASHANINKA,SABOROSHARI
CUSCO,LA CONVENCION,UNION ASHANINKA,TINUNBANCANI
CUSCO,LA CONVENCION,VILCABAMBA,ALTO RIO BLANCO
CUSCO,LA CONVENCION,VILCABAMBA,ALTO SELVA ALEGRE
CUSCO,LA CONVENCION,VILCABAMBA,ALTO SHIMEATO
CUSCO,LA CONVENCION,VILCABAMBA,ALTO YUVENI
CUSCO,LA CONVENCION,VILCABAMBA,AMARA
CUSCO,LA CONVENCION,VILCABAMBA,AZUL MAYO
CUSCO,LA CONVENCION,VILCABAMBA,CCALLPAPATA
CUSCO,LA CONVENCION,VILCABAMBA,CCAYCCO
CUSCO,LA CONVENCION,VILCABAMBA,CCOCHAPAMPA
CUSCO,LA CONVENCION,VILCABAMBA,CCOLLPA CHICO
CUSCO,LA CONVENCION,VILCABAMBA,CCOPAS
CUSCO,LA CONVENCION,VILCABAMBA,CCOYLLUYCHO
CUSCO,LA CONVENCION,VILCABAMBA,CHANCABAMBA
CUSCO,LA CONVENCION,VILCABAMBA,CHANCAVINE
CUSCO,LA CONVENCION,VILCABAMBA,CHAQUILOMA
CUSCO,LA CONVENCION,VILCABAMBA,CHOQUEQUIRAO
CUSCO,LA CONVENCION,VILCABAMBA,CIGARCIATO
CUSCO,LA CONVENCION,VILCABAMBA,COSHIRENI
CUSCO,LA CONVENCION,VILCABAMBA,CUNCUNPAMPA
CUSCO,LA CONVENCION,VILCABAMBA,ECHARATE - NEAREST 2KM
CUSCO,LA CONVENCION,VILCABAMBA,ESPIRITUPAMPA
CUSCO,LA CONVENCION,VILCABAMBA,HUAMANAPI
CUSCO,LA CONVENCION,VILCABAMBA,HUARINA
CUSCO,LA CONVENCION,VILCABAMBA,HUAYCCOPAMPA
CUSCO,LA CONVENCION,VILCABAMBA,HUAYCHAUMARCA
CUSCO,LA CONVENCION,VILCABAMBA,IBANBANI
CUSCO,LA CONVENCION,VILCABAMBA,KOMERPATA
CUSCO,LA CONVENCION,VILCABAMBA,LAMBRAS
CUSCO,LA CONVENCION,VILCABAMBA,LUCMA - NEAREST 2KM
CUSCO,LA CONVENCION,VILCABAMBA,MANDOR
CUSCO,LA CONVENCION,VILCABAMBA,MANDORPATA
CUSCO,LA CONVENCION,VILCABAMBA,MARANPAMPA
CUSCO,LA CONVENCION,VILCABAMBA,MININCUNCA
CUSCO,LA CONVENCION,VILCABAMBA,NINRIPAY
CUSCO,LA CONVENCION,VILCABAMBA,NUEVA ESPERANZA
CUSCO,LA CONVENCION,VILCABAMBA,ONOTOMA
CUSCO,LA CONVENCION,VILCABAMBA,OSNUYOC
CUSCO,LA CONVENCION,VILCABAMBA,OTANGARI
CUSCO,LA CONVENCION,VILCABAMBA,PALTAYBAMBA
CUSCO,LA CONVENCION,VILCABAMBA,PANTA
CUSCO,LA CONVENCION,VILCABAMBA,PATALLACTA
CUSCO,LA CONVENCION,VILCABAMBA,PINAY
CUSCO,LA CONVENCION,VILCABAMBA,PITUUNO
CUSCO,LA CONVENCION,VILCABAMBA,PORCAY
CUSCO,LA CONVENCION,VILCABAMBA,QUEBRADA HONDA
CUSCO,LA CONVENCION,VILCABAMBA,QUERAYOC
CUSCO,LA CONVENCION,VILCABAMBA,QUESHUAYRURO
CUSCO,LA CONVENCION,VILCABAMBA,RAQUIRAQUIYOC
CUSCO,LA CONVENCION,VILCABAMBA,RIO NEGRO
CUSCO,LA CONVENCION,VILCABAMBA,SACSARAYOC
CUSCO,LA CONVENCION,VILCABAMBA,SALINAS
CUSCO,LA CONVENCION,VILCABAMBA,SAN MARTIN
CUSCO,LA CONVENCION,VILCABAMBA,SAN PABLO
CUSCO,LA CONVENCION,VILCABAMBA,SANTA ISABEL
CUSCO,LA CONVENCION,VILCABAMBA,SANTA TERESA - NEAREST 2KM
CUSCO,LA CONVENCION,VILCABAMBA,TALAHUARA
CUSCO,LA CONVENCION,VILCABAMBA,TAMBO
CUSCO,LA CONVENCION,VILCABAMBA,TAPARACUYUC
CUSCO,LA CONVENCION,VILCABAMBA,TOTORA
CUSCO,LA CONVENCION,VILCABAMBA,TUNISCCA
CUSCO,LA CONVENCION,VILCABAMBA,URUMBAY
CUSCO,LA CONVENCION,VILLA KINTIARINA,ECHARATE - NEAREST 2KM
CUSCO,LA CONVENCION,VILLA KINTIARINA,KIMBIRI - NEAREST 2KM
CUSCO,LA CONVENCION,VILLA VIRGEN,CHANCAVINE
CUSCO,LA CONVENCION,VILLA VIRGEN,CHUNGUI - NEAREST 2KM
CUSCO,LA CONVENCION,VILLA VIRGEN,FLORIDA
CUSCO,LA CONVENCION,VILLA VIRGEN,HUALLGUAPAMPA
CUSCO,LA CONVENCION,VILLA VIRGEN,LUCMA - NEAREST 2KM
CUSCO,LA CONVENCION,VILLA VIRGEN,NUEVA ESPERANZA
CUSCO,LA CONVENCION,VILLA VIRGEN,NUEVO SAIN (SICHAPIRINGUIATO)
CUSCO,LA CONVENCION,VILLA VIRGEN,TALANCA
CUSCO,PARURO,ACCHA,ACCHA - NEAREST 2KM
CUSCO,PARURO,ACCHA,AYA
CUSCO,PARURO,ACCHA,HUANOS
CUSCO,PARURO,ACCHA,MALLMACHI
CUSCO,PARURO,ACCHA,PILLPINTO - NEAREST 2KM
CUSCO,PARURO,ACCHA,PITIPUJIO
CUSCO,PARURO,ACCHA,QUISCACANCHA
CUSCO,PARURO,CCAPI,ACCHA - NEAREST 2KM
CUSCO,PARURO,CCAPI,CALLANCHA
CUSCO,PARURO,CCAPI,CAPACMARCA - NEAREST 2KM
CUSCO,PARURO,CCAPI,CCAPI - NEAREST 2KM
CUSCO,PARURO,CCAPI,CCONABAMBA
CUSCO,PARURO,CCAPI,CHOCHO
CUSCO,PARURO,CCAPI,MARA - NEAREST 2KM
CUSCO,PARURO,CCAPI,MOLLECASA
CUSCO,PARURO,CCAPI,PAURIMANI
CUSCO,PARURO,CCAPI,UYLLULLO
CUSCO,PARURO,COLCHA,ACCHA - NEAREST 2KM
CUSCO,PARURO,COLCHA,COLCHA - NEAREST 2KM
CUSCO,PARURO,COLCHA,CORTINA
CUSCO,PARURO,COLCHA,RONDOCAN - NEAREST 2KM
CUSCO,PARURO,HUANOQUITE,CCASHUA
CUSCO,PARURO,HUANOQUITE,HUANOQUITE - NEAREST 2KM
CUSCO,PARURO,HUANOQUITE,SOCSOHUAYLLA
CUSCO,PARURO,OMACHA,ANCASCCOCHA
CUSCO,PARURO,OMACHA,CHAMACA - NEAREST 2KM
CUSCO,PARURO,OMACHA,CHILAHUAYOC PATA
CUSCO,PARURO,OMACHA,CHUNONOSA
CUSCO,PARURO,OMACHA,COCHAPATA
CUSCO,PARURO,OMACHA,HUANO HUANO
CUSCO,PARURO,OMACHA,HUAYTTAHUI
CUSCO,PARURO,OMACHA,JAPUCALLA (JAPOCALLA)
CUSCO,PARURO,OMACHA,JOQUECA
CUSCO,PARURO,OMACHA,JUTOMATE (JUTUMATE)
CUSCO,PARURO,OMACHA,KELLO CANCHA
CUSCO,PARURO,OMACHA,KISI KISI
CUSCO,PARURO,OMACHA,LIVITACA - NEAREST 2KM
CUSCO,PARURO,OMACHA,LLACHECTA
CUSCO,PARURO,OMACHA,MARAN UR A
CUSCO,PARURO,OMACHA,OMACHA - NEAREST 2KM
CUSCO,PARURO,OMACHA,PACCO
CUSCO,PARURO,OMACHA,PACLLA
CUSCO,PARURO,OMACHA,PANTANCA
CUSCO,PARURO,OMACHA,PICHACA
CUSCO,PARURO,OMACHA,RANRA
CUSCO,PARURO,OMACHA,SAURO
CUSCO,PARURO,OMACHA,UMASHUAYLLA
CUSCO,PARURO,PACCARITAMBO,MANCHAYBAMBA
CUSCO,PARURO,PACCARITAMBO,MAUKALLACTA CHIMPUCCAR
CUSCO,PARURO,PACCARITAMBO,PACCARITAMBO - NEAREST 2KM
CUSCO,PARURO,PACCARITAMBO,TUNAPUNCO
CUSCO,PARURO,PARURO,CCANTUSCALLA
CUSCO,PARURO,PARURO,CCOTARQUI
CUSCO,PARURO,PARURO,HUISLLAY
CUSCO,PARURO,PARURO,PARURO - NEAREST 2KM
CUSCO,PARURO,PARURO,QUINSACANCHA
CUSCO,PARURO,PARURO,QUISHUARCANCHA
CUSCO,PARURO,PILLPINTO,CCAHUATURA
CUSCO,PARURO,PILLPINTO,CHALLAICO CHICO
CUSCO,PARURO,PILLPINTO,CHORRILLO
CUSCO,PARURO,PILLPINTO,COLCHA - NEAREST 2KM
CUSCO,PARURO,PILLPINTO,HUARANCCA
CUSCO,PARURO,PILLPINTO,PILLPINTO - NEAREST 2KM
CUSCO,PARURO,YAURISQUE,ACPITAN
CUSCO,PARURO,YAURISQUE,CCHACCAR
CUSCO,PARURO,YAURISQUE,INKAMACHAY
CUSCO,PARURO,YAURISQUE,LLAULLICCASA
CUSCO,PARURO,YAURISQUE,PARURO - NEAREST 2KM
CUSCO,PARURO,YAURISQUE,YAURISQUE - NEAREST 2KM
CUSCO,PAUCARTAMBO,CAICAY,CAICAY - NEAREST 2KM
CUSCO,PAUCARTAMBO,CAICAY,CCANABANBA
CUSCO,PAUCARTAMBO,CAICAY,CHIULLAPATA
CUSCO,PAUCARTAMBO,CAICAY,CORICOCHA
CUSCO,PAUCARTAMBO,CAICAY,POTOSI
CUSCO,PAUCARTAMBO,CAICAY,QUINSA ARCCA
CUSCO,PAUCARTAMBO,CAICAY,SAN SALVADOR - NEAREST 2KM
CUSCO,PAUCARTAMBO,CAICAY,SAYCO
CUSCO,PAUCARTAMBO,CAICAY,SOROCCOCHA
CUSCO,PAUCARTAMBO,CAICAY,TAUCAMARCA PARTE ALTA
CUSCO,PAUCARTAMBO,CAICAY,UNO UNO
CUSCO,PAUCARTAMBO,CAICAY,URCOS - NEAREST 2KM
CUSCO,PAUCARTAMBO,CHALLABAMBA,AIRIPAMPA
CUSCO,PAUCARTAMBO,CHALLABAMBA,ALPACANCHA
CUSCO,PAUCARTAMBO,CHALLABAMBA,AROTENTA
CUSCO,PAUCARTAMBO,CHALLABAMBA,ASTARANI
CUSCO,PAUCARTAMBO,CHALLABAMBA,AYAQQUYO
CUSCO,PAUCARTAMBO,CHALLABAMBA,CALCA - NEAREST 2KM
CUSCO,PAUCARTAMBO,CHALLABAMBA,CANCHAPAMPA
CUSCO,PAUCARTAMBO,CHALLABAMBA,CARNICERO
CUSCO,PAUCARTAMBO,CHALLABAMBA,CARPINTO
CUSCO,PAUCARTAMBO,CHALLABAMBA,CCOCHACCOCHAYOY
CUSCO,PAUCARTAMBO,CHALLABAMBA,CCOCHAMOCCO
CUSCO,PAUCARTAMBO,CHALLABAMBA,CCORIMAYO
CUSCO,PAUCARTAMBO,CHALLABAMBA,CEDROS
CUSCO,PAUCARTAMBO,CHALLABAMBA,CHACHACOMAYOC
CUSCO,PAUCARTAMBO,CHALLABAMBA,CHALLABAMBA - NEAREST 2KM
CUSCO,PAUCARTAMBO,CHALLABAMBA,CHILLCA MOQO
CUSCO,PAUCARTAMBO,CHALLABAMBA,CHILLCAHUAYCO
CUSCO,PAUCARTAMBO,CHALLABAMBA,CHURUMOQO
CUSCO,PAUCARTAMBO,CHALLABAMBA,CHUSA
CUSCO,PAUCARTAMBO,CHALLABAMBA,CUCHURO
CUSCO,PAUCARTAMBO,CHALLABAMBA,HATUNHUAYLLA
CUSCO,PAUCARTAMBO,CHALLABAMBA,HUALUPUNKO
CUSCO,PAUCARTAMBO,CHALLABAMBA,HUAMAPAMPA
CUSCO,PAUCARTAMBO,CHALLABAMBA,HUASCAPATA
CUSCO,PAUCARTAMBO,CHALLABAMBA,HUAYLLABAMBA
CUSCO,PAUCARTAMBO,CHALLABAMBA,HUAYLLAPATA
CUSCO,PAUCARTAMBO,CHALLABAMBA,HUAYRURO PUNKU
CUSCO,PAUCARTAMBO,CHALLABAMBA,HUERTAPAMPA
CUSCO,PAUCARTAMBO,CHALLABAMBA,ISKAY COCHAYOQ
CUSCO,PAUCARTAMBO,CHALLABAMBA,JAJAHUANA
CUSCO,PAUCARTAMBO,CHALLABAMBA,KANAY
CUSCO,PAUCARTAMBO,CHALLABAMBA,KANCHAPATA
CUSCO,PAUCARTAMBO,CHALLABAMBA,KHACHU KHACHU
CUSCO,PAUCARTAMBO,CHALLABAMBA,KUKUHUANI
CUSCO,PAUCARTAMBO,CHALLABAMBA,LARES - NEAREST 2KM
CUSCO,PAUCARTAMBO,CHALLABAMBA,LLAQTAPATA
CUSCO,PAUCARTAMBO,CHALLABAMBA,MACUCHAHUA
CUSCO,PAUCARTAMBO,CHALLABAMBA,MANZANAYOC
CUSCO,PAUCARTAMBO,CHALLABAMBA,MARCANI GRANDE
CUSCO,PAUCARTAMBO,CHALLABAMBA,MILLU
CUSCO,PAUCARTAMBO,CHALLABAMBA,MUNAYOC
CUSCO,PAUCARTAMBO,CHALLABAMBA,PACALLE
CUSCO,PAUCARTAMBO,CHALLABAMBA,PARCCO
CUSCO,PAUCARTAMBO,CHALLABAMBA,PAUCARTAMBO - NEAREST 2KM
CUSCO,PAUCARTAMBO,CHALLABAMBA,PIJIUBAMBA
CUSCO,PAUCARTAMBO,CHALLABAMBA,PILLCOPATA - NEAREST 2KM
CUSCO,PAUCARTAMBO,CHALLABAMBA,PISCARUMIYOQ
CUSCO,PAUCARTAMBO,CHALLABAMBA,PPALCACANCHA
CUSCO,PAUCARTAMBO,CHALLABAMBA,PUNALADA
CUSCO,PAUCARTAMBO,CHALLABAMBA,QQUIQUIQ
CUSCO,PAUCARTAMBO,CHALLABAMBA,QUEBRADA HONDA - NEAREST 2KM
CUSCO,PAUCARTAMBO,CHALLABAMBA,SUNCHUYOC
CUSCO,PAUCARTAMBO,CHALLABAMBA,TANKAR QASA
CUSCO,PAUCARTAMBO,CHALLABAMBA,TUCTU
CUSCO,PAUCARTAMBO,CHALLABAMBA,UPACOCHA
CUSCO,PAUCARTAMBO,CHALLABAMBA,YURACTORUYOC
CUSCO,PAUCARTAMBO,COLQUEPATA,ACCHA
CUSCO,PAUCARTAMBO,COLQUEPATA,ACCHA ALTA
CUSCO,PAUCARTAMBO,COLQUEPATA,ALTO SERRANUYOC
CUSCO,PAUCARTAMBO,COLQUEPATA,CCATCA - NEAREST 2KM
CUSCO,PAUCARTAMBO,COLQUEPATA,CCOTANE(COTANE)
CUSCO,PAUCARTAMBO,COLQUEPATA,CHALLAHUAYCO
CUSCO,PAUCARTAMBO,COLQUEPATA,CHILLAHUANI
CUSCO,PAUCARTAMBO,COLQUEPATA,CHINCHIRCOMA
CUSCO,PAUCARTAMBO,COLQUEPATA,CHOCCOPIA
CUSCO,PAUCARTAMBO,COLQUEPATA,COLQUEPATA - NEAREST 2KM
CUSCO,PAUCARTAMBO,COLQUEPATA,HUAHUAHUANUCHONA(NUEVO AMANECER)
CUSCO,PAUCARTAMBO,COLQUEPATA,HUANCARANI - NEAREST 2KM
CUSCO,PAUCARTAMBO,COLQUEPATA,HUARACCUNCA
CUSCO,PAUCARTAMBO,COLQUEPATA,HUARANCCA
CUSCO,PAUCARTAMBO,COLQUEPATA,HUASAC
CUSCO,PAUCARTAMBO,COLQUEPATA,LAMAY - NEAREST 2KM
CUSCO,PAUCARTAMBO,COLQUEPATA,LAYMINA
CUSCO,PAUCARTAMBO,COLQUEPATA,OQUECCASA
CUSCO,PAUCARTAMBO,COLQUEPATA,PACPAPATA
CUSCO,PAUCARTAMBO,COLQUEPATA,PAMPALLACTA
CUSCO,PAUCARTAMBO,COLQUEPATA,PARCO HUAYLLA
CUSCO,PAUCARTAMBO,COLQUEPATA,PATIRUMI
CUSCO,PAUCARTAMBO,COLQUEPATA,PICCHU
CUSCO,PAUCARTAMBO,COLQUEPATA,PILLCO CANCHA
CUSCO,PAUCARTAMBO,COLQUEPATA,QUISAYOC
CUSCO,PAUCARTAMBO,COLQUEPATA,RAYANCANCHA
CUSCO,PAUCARTAMBO,COLQUEPATA,RAYANIPATA
CUSCO,PAUCARTAMBO,COLQUEPATA,SAN SALVADOR - NEAREST 2KM
CUSCO,PAUCARTAMBO,COLQUEPATA,SAYLLAPATA
CUSCO,PAUCARTAMBO,COLQUEPATA,TUPAC AMARU DE KURPO
CUSCO,PAUCARTAMBO,COLQUEPATA,UMASBAMBA
CUSCO,PAUCARTAMBO,HUANCARANI,APACHETA
CUSCO,PAUCARTAMBO,HUANCARANI,COLQUEPATA - NEAREST 2KM
CUSCO,PAUCARTAMBO,HUANCARANI,HUANCARANI - NEAREST 2KM
CUSCO,PAUCARTAMBO,HUANCARANI,PARCO HUAYLLA
CUSCO,PAUCARTAMBO,HUANCARANI,QUEUNAMAYO
CUSCO,PAUCARTAMBO,HUANCARANI,QUISICANCHA
CUSCO,PAUCARTAMBO,KOS_\xBEIPATA,AJANACU
CUSCO,PAUCARTAMBO,KOS_\xBEIPATA,ALTO CARBON
CUSCO,PAUCARTAMBO,KOS_\xBEIPATA,ALTO LIBERTAD
CUSCO,PAUCARTAMBO,KOS_\xBEIPATA,CALLANGA
CUSCO,PAUCARTAMBO,KOS_\xBEIPATA,CASTILLA (TONO BAJO)
CUSCO,PAUCARTAMBO,KOS_\xBEIPATA,CCARHUAYO - NEAREST 2KM
CUSCO,PAUCARTAMBO,KOS_\xBEIPATA,CCOCHAMOCO
CUSCO,PAUCARTAMBO,KOS_\xBEIPATA,CHALLMA CHIMPANA
CUSCO,PAUCARTAMBO,KOS_\xBEIPATA,CONSUELO
CUSCO,PAUCARTAMBO,KOS_\xBEIPATA,HATUNRUMIYOC
CUSCO,PAUCARTAMBO,KOS_\xBEIPATA,LASTENIA
CUSCO,PAUCARTAMBO,KOS_\xBEIPATA,LEKEPAMPA
CUSCO,PAUCARTAMBO,KOS_\xBEIPATA,MISTIANA
CUSCO,PAUCARTAMBO,KOS_\xBEIPATA,PAMPA AZUL
CUSCO,PAUCARTAMBO,KOS_\xBEIPATA,PAUCARTAMBO - NEAREST 2KM
CUSCO,PAUCARTAMBO,KOS_\xBEIPATA,PILLCOPATA - NEAREST 2KM
CUSCO,PAUCARTAMBO,KOS_\xBEIPATA,PROYECTO SABALUYOC
CUSCO,PAUCARTAMBO,KOS_\xBEIPATA,QERO GRANDE
CUSCO,PAUCARTAMBO,KOS_\xBEIPATA,QUICO CHICO
CUSCO,PAUCARTAMBO,KOS_\xBEIPATA,QUINCE MIL - NEAREST 2KM
CUSCO,PAUCARTAMBO,KOS_\xBEIPATA,SABALUYOC
CUSCO,PAUCARTAMBO,KOS_\xBEIPATA,SALVACION - NEAREST 2KM
CUSCO,PAUCARTAMBO,KOS_\xBEIPATA,SANTA ALICIA
CUSCO,PAUCARTAMBO,KOS_\xBEIPATA,SUMAQ TIKA (MUNAY TIKA)
CUSCO,PAUCARTAMBO,KOS_\xBEIPATA,TANDANA PATA
CUSCO,PAUCARTAMBO,KOS_\xBEIPATA,TRES ESTRELLAS
CUSCO,PAUCARTAMBO,KOS_\xBEIPATA,UBALDINA (TUPAC AMARU)
CUSCO,PAUCARTAMBO,KOS_\xBEIPATA,YERBAKUNCA
CUSCO,PAUCARTAMBO,PAUCARTAMBO,ALPAMACHAY
CUSCO,PAUCARTAMBO,PAUCARTAMBO,ANOBAMBA
CUSCO,PAUCARTAMBO,PAUCARTAMBO,CALAIPATA
CUSCO,PAUCARTAMBO,PAUCARTAMBO,CARPAPAMPA
CUSCO,PAUCARTAMBO,PAUCARTAMBO,CCARHUAYO - NEAREST 2KM
CUSCO,PAUCARTAMBO,PAUCARTAMBO,CHUMPIPATA
CUSCO,PAUCARTAMBO,PAUCARTAMBO,COLQUEPATA - NEAREST 2KM
CUSCO,PAUCARTAMBO,PAUCARTAMBO,CUPUWANI
CUSCO,PAUCARTAMBO,PAUCARTAMBO,ESPADILLA
CUSCO,PAUCARTAMBO,PAUCARTAMBO,HIWATA
CUSCO,PAUCARTAMBO,PAUCARTAMBO,HUAYLLABAMBA
CUSCO,PAUCARTAMBO,PAUCARTAMBO,IDMANOSA
CUSCO,PAUCARTAMBO,PAUCARTAMBO,JAILO
CUSCO,PAUCARTAMBO,PAUCARTAMBO,KESHUAHUAYCCO
CUSCO,PAUCARTAMBO,PAUCARTAMBO,LERIJUYOC
CUSCO,PAUCARTAMBO,PAUCARTAMBO,OQOYQOYLLALOQ
CUSCO,PAUCARTAMBO,PAUCARTAMBO,PATAHUAYLLA
CUSCO,PAUCARTAMBO,PAUCARTAMBO,PAUCARTAMBO - NEAREST 2KM
CUSCO,PAUCARTAMBO,PAUCARTAMBO,PICCHU
CUSCO,PAUCARTAMBO,PAUCARTAMBO,PILLCOPATA - NEAREST 2KM
CUSCO,PAUCARTAMBO,PAUCARTAMBO,SISACPUGIO
CUSCO,PAUCARTAMBO,PAUCARTAMBO,TINTEC
CUSCO,PAUCARTAMBO,PAUCARTAMBO,WILCACUNCA
CUSCO,PAUCARTAMBO,PAUCARTAMBO,ZAMANOZA CENTRAL
CUSCO,QUISPICANCHI,ANDAHUAYLILLAS,ANDAHUAYLILLAS - NEAREST 2KM
CUSCO,QUISPICANCHI,ANDAHUAYLILLAS,CCANABANBA
CUSCO,QUISPICANCHI,ANDAHUAYLILLAS,RAYALLACTA
CUSCO,QUISPICANCHI,ANDAHUAYLILLAS,RONDOCAN - NEAREST 2KM
CUSCO,QUISPICANCHI,ANDAHUAYLILLAS,URCOS - NEAREST 2KM
CUSCO,QUISPICANCHI,CAMANTI,AYAPATA - NEAREST 2KM
CUSCO,QUISPICANCHI,CAMANTI,CADENA
CUSCO,QUISPICANCHI,CAMANTI,COCHAMARCA
CUSCO,QUISPICANCHI,CAMANTI,COPERMA
CUSCO,QUISPICANCHI,CAMANTI,HUAYNAPATA
CUSCO,QUISPICANCHI,CAMANTI,LANLACUNI BAJO - NEAREST 2KM
CUSCO,QUISPICANCHI,CAMANTI,LLACHUCANI
CUSCO,QUISPICANCHI,CAMANTI,LLUSCAPATA
CUSCO,QUISPICANCHI,CAMANTI,MANDOR
CUSCO,QUISPICANCHI,CAMANTI,MANIRI
CUSCO,QUISPICANCHI,CAMANTI,OQHOPATA
CUSCO,QUISPICANCHI,CAMANTI,OROYA
CUSCO,QUISPICANCHI,CAMANTI,PACO MIJU (PACO MIJUY)
CUSCO,QUISPICANCHI,CAMANTI,PAN DE AZUCAR
CUSCO,QUISPICANCHI,CAMANTI,PAUSI
CUSCO,QUISPICANCHI,CAMANTI,PHAUSIPATA
CUSCO,QUISPICANCHI,CAMANTI,QUINCE MIL - NEAREST 2KM
CUSCO,QUISPICANCHI,CAMANTI,QULUYO
CUSCO,QUISPICANCHI,CAMANTI,RAQCHI
CUSCO,QUISPICANCHI,CAMANTI,SAN MIGUEL
CUSCO,QUISPICANCHI,CAMANTI,SANIACA
CUSCO,QUISPICANCHI,CAMANTI,SANTA ISIDORA
CUSCO,QUISPICANCHI,CAMANTI,TTINKI
CUSCO,QUISPICANCHI,CAMANTI,YANAMAYO GRANDE
CUSCO,QUISPICANCHI,CAMANTI,YANAMAYO PORVENIR
CUSCO,QUISPICANCHI,CCARHUAYO,APOCOCHO
CUSCO,QUISPICANCHI,CCARHUAYO,CCARHUAYO - NEAREST 2KM
CUSCO,QUISPICANCHI,CCARHUAYO,CCULLPATIRA
CUSCO,QUISPICANCHI,CCARHUAYO,CHIMPACUCHO
CUSCO,QUISPICANCHI,CCARHUAYO,CONCCORPATA
CUSCO,QUISPICANCHI,CCARHUAYO,FAUSINTA
CUSCO,QUISPICANCHI,CCARHUAYO,HATUN CHILLIHUANI
CUSCO,QUISPICANCHI,CCARHUAYO,HIPINA
CUSCO,QUISPICANCHI,CCARHUAYO,IUCURA
CUSCO,QUISPICANCHI,CCARHUAYO,JANCACOLLA (JANCO ALA)
CUSCO,QUISPICANCHI,CCARHUAYO,LAHUANI
CUSCO,QUISPICANCHI,CCARHUAYO,LLAUCHI PAMPA
CUSCO,QUISPICANCHI,CCARHUAYO,MANA HALLASCCA
CUSCO,QUISPICANCHI,CCARHUAYO,OCONGATE - NEAREST 2KM
CUSCO,QUISPICANCHI,CCARHUAYO,PAPEINIYOC
CUSCO,QUISPICANCHI,CCARHUAYO,PARHUAYANI
CUSCO,QUISPICANCHI,CCARHUAYO,PIRQUI
CUSCO,QUISPICANCHI,CCARHUAYO,PUCARANI
CUSCO,QUISPICANCHI,CCARHUAYO,QUELLOPAMPA
CUSCO,QUISPICANCHI,CCARHUAYO,RIHUICHANI
CUSCO,QUISPICANCHI,CCARHUAYO,SUJYANI
CUSCO,QUISPICANCHI,CCARHUAYO,TAYANCANI
CUSCO,QUISPICANCHI,CCARHUAYO,YANAPOZA
CUSCO,QUISPICANCHI,CCATCA,AYAVIRI
CUSCO,QUISPICANCHI,CCATCA,AYCARACHI
CUSCO,QUISPICANCHI,CCATCA,CCACHIRA
CUSCO,QUISPICANCHI,CCATCA,CCATCA - NEAREST 2KM
CUSCO,QUISPICANCHI,CCATCA,CHAMPACANCHA
CUSCO,QUISPICANCHI,CCATCA,COLQUEPATA - NEAREST 2KM
CUSCO,QUISPICANCHI,CCATCA,HUARACCUNCA
CUSCO,QUISPICANCHI,CCATCA,HUPAMAYO
CUSCO,QUISPICANCHI,CCATCA,MANAYPATA
CUSCO,QUISPICANCHI,CCATCA,OCONGATE - NEAREST 2KM
CUSCO,QUISPICANCHI,CCATCA,QUISINSAYA
CUSCO,QUISPICANCHI,CCATCA,ROMPOCCACCA
CUSCO,QUISPICANCHI,CUSIPATA,ANTACHICO
CUSCO,QUISPICANCHI,CUSIPATA,ANTAGRANDE
CUSCO,QUISPICANCHI,CUSIPATA,CHILECPATA (LAHUA LAHUA)
CUSCO,QUISPICANCHI,CUSIPATA,CHILLIHUANI
CUSCO,QUISPICANCHI,CUSIPATA,CHULLO
CUSCO,QUISPICANCHI,CUSIPATA,CUNTO
CUSCO,QUISPICANCHI,CUSIPATA,CUSIPATA - NEAREST 2KM
CUSCO,QUISPICANCHI,CUSIPATA,HUAPUNI
CUSCO,QUISPICANCHI,CUSIPATA,LLACTOCANCHA
CUSCO,QUISPICANCHI,CUSIPATA,PALLCHAPALLANA
CUSCO,QUISPICANCHI,CUSIPATA,PAMPAMACHAY
CUSCO,QUISPICANCHI,CUSIPATA,PARARANI
CUSCO,QUISPICANCHI,CUSIPATA,PITUMARCA - NEAREST 2KM
CUSCO,QUISPICANCHI,CUSIPATA,QQECCARANI
CUSCO,QUISPICANCHI,CUSIPATA,QUIQUIJANA - NEAREST 2KM
CUSCO,QUISPICANCHI,CUSIPATA,TICLLA
CUSCO,QUISPICANCHI,CUSIPATA,TUCCTUCCARA
CUSCO,QUISPICANCHI,CUSIPATA,YURACWASI
CUSCO,QUISPICANCHI,HUARO,CANCCAHUA
CUSCO,QUISPICANCHI,HUARO,CHACHA
CUSCO,QUISPICANCHI,HUARO,HUARO - NEAREST 2KM
CUSCO,QUISPICANCHI,HUARO,LLANQUE
CUSCO,QUISPICANCHI,HUARO,MUJUNCANCHA
CUSCO,QUISPICANCHI,HUARO,PFINAY
CUSCO,QUISPICANCHI,HUARO,RURUMPAMPA (IRURA PAMPA)
CUSCO,QUISPICANCHI,HUARO,SULLUMAYO CHICO
CUSCO,QUISPICANCHI,HUARO,UNACCORI
CUSCO,QUISPICANCHI,LUCRE,CARAYPAMPA
CUSCO,QUISPICANCHI,LUCRE,CCOLLCAYQUI
CUSCO,QUISPICANCHI,LUCRE,CHALLHUANY
CUSCO,QUISPICANCHI,LUCRE,INCA INKA
CUSCO,QUISPICANCHI,LUCRE,LUCRE - NEAREST 2KM
CUSCO,QUISPICANCHI,LUCRE,PACRAMAYO
CUSCO,QUISPICANCHI,LUCRE,PERCCARAN
CUSCO,QUISPICANCHI,LUCRE,PINUYK'UCHU
CUSCO,QUISPICANCHI,LUCRE,PUCARA
CUSCO,QUISPICANCHI,LUCRE,QENTEPUCARA
CUSCO,QUISPICANCHI,LUCRE,QUEHUARPATA
CUSCO,QUISPICANCHI,MARCAPATA,ANCHALLANI
CUSCO,QUISPICANCHI,MARCAPATA,APICARA
CUSCO,QUISPICANCHI,MARCAPATA,AYA AYA
CUSCO,QUISPICANCHI,MARCAPATA,CCASCCANA
CUSCO,QUISPICANCHI,MARCAPATA,CCOLLPA
CUSCO,QUISPICANCHI,MARCAPATA,CCOLPA QQUECHA INCACANCHA
CUSCO,QUISPICANCHI,MARCAPATA,CCOMERCOCHA
CUSCO,QUISPICANCHI,MARCAPATA,CHACAMOQO
CUSCO,QUISPICANCHI,MARCAPATA,CHECTACUCHO
CUSCO,QUISPICANCHI,MARCAPATA,CHIMBOYA
CUSCO,QUISPICANCHI,MARCAPATA,CHINQUILLANI
CUSCO,QUISPICANCHI,MARCAPATA,CHULLUNQUIANI
CUSCO,QUISPICANCHI,MARCAPATA,CHUMPIPATA
CUSCO,QUISPICANCHI,MARCAPATA,CHUNUHUANI (CHUNUANI)
CUSCO,QUISPICANCHI,MARCAPATA,CHUNUNA
CUSCO,QUISPICANCHI,MARCAPATA,CONDENA
CUSCO,QUISPICANCHI,MARCAPATA,CORANI - NEAREST 2KM
CUSCO,QUISPICANCHI,MARCAPATA,CULLUNUMA
CUSCO,QUISPICANCHI,MARCAPATA,HATUN MOCCO
CUSCO,QUISPICANCHI,MARCAPATA,HOCOYLLUNE
CUSCO,QUISPICANCHI,MARCAPATA,HUALLAHUALLA
CUSCO,QUISPICANCHI,MARCAPATA,HUAYLLABAMBA
CUSCO,QUISPICANCHI,MARCAPATA,HUAYLLACANCHA
CUSCO,QUISPICANCHI,MARCAPATA,HUAYLLAPATA
CUSCO,QUISPICANCHI,MARCAPATA,HUISCACHANI
CUSCO,QUISPICANCHI,MARCAPATA,INCACANCHA PATA SENIJILLA
CUSCO,QUISPICANCHI,MARCAPATA,JAPU JAPU
CUSCO,QUISPICANCHI,MARCAPATA,K AJA
CUSCO,QUISPICANCHI,MARCAPATA,KIJCO
CUSCO,QUISPICANCHI,MARCAPATA,LEQUECCASA
CUSCO,QUISPICANCHI,MARCAPATA,LLACHUCANI
CUSCO,QUISPICANCHI,MARCAPATA,LLOCSINA
CUSCO,QUISPICANCHI,MARCAPATA,MACHAYANI
CUSCO,QUISPICANCHI,MARCAPATA,MANZANAYOC
CUSCO,QUISPICANCHI,MARCAPATA,MANZANAYOC ROSASPATA
CUSCO,QUISPICANCHI,MARCAPATA,MARCAPATA - NEAREST 2KM
CUSCO,QUISPICANCHI,MARCAPATA,MARCARANI
CUSCO,QUISPICANCHI,MARCAPATA,MILLO GRANDE
CUSCO,QUISPICANCHI,MARCAPATA,OCCORURO
CUSCO,QUISPICANCHI,MARCAPATA,OKECCOCHA
CUSCO,QUISPICANCHI,MARCAPATA,PACCOLLA
CUSCO,QUISPICANCHI,MARCAPATA,PACHACUTINA
CUSCO,QUISPICANCHI,MARCAPATA,PALQAASTANA
CUSCO,QUISPICANCHI,MARCAPATA,PARINA
CUSCO,QUISPICANCHI,MARCAPATA,PATA TICANI
CUSCO,QUISPICANCHI,MARCAPATA,PATACCOTO
CUSCO,QUISPICANCHI,MARCAPATA,PHAUCI INCACANCHA
CUSCO,QUISPICANCHI,MARCAPATA,PHAUSIPATA PALQUELLA
CUSCO,QUISPICANCHI,MARCAPATA,PICHAJANI
CUSCO,QUISPICANCHI,MARCAPATA,PIRHUAYANI
CUSCO,QUISPICANCHI,MARCAPATA,PUCUTUNI
CUSCO,QUISPICANCHI,MARCAPATA,QUELLOUNO
CUSCO,QUISPICANCHI,MARCAPATA,QUILLICHANI
CUSCO,QUISPICANCHI,MARCAPATA,QUINCE MIL - NEAREST 2KM
CUSCO,QUISPICANCHI,MARCAPATA,RANRACUNCA
CUSCO,QUISPICANCHI,MARCAPATA,RUNTO UPINA
CUSCO,QUISPICANCHI,MARCAPATA,SALLAHUASI
CUSCO,QUISPICANCHI,MARCAPATA,SOCAPATA
CUSCO,QUISPICANCHI,MARCAPATA,TANTANI
CUSCO,QUISPICANCHI,MARCAPATA,THURPAYOC (CHECTACUCHO ALTO)
CUSCO,QUISPICANCHI,MARCAPATA,TOLTOQUERE
CUSCO,QUISPICANCHI,MARCAPATA,TUMANTAYA
CUSCO,QUISPICANCHI,MARCAPATA,UPISPATA
CUSCO,QUISPICANCHI,MARCAPATA,UVINA
CUSCO,QUISPICANCHI,MARCAPATA,YANACCACCA
CUSCO,QUISPICANCHI,MARCAPATA,YURAC CANCHA INCACANCHA
CUSCO,QUISPICANCHI,OCONGATE,ACCOCUNCA
CUSCO,QUISPICANCHI,OCONGATE,CANCHAPATA YANACANCHA
CUSCO,QUISPICANCHI,OCONGATE,CCASAPATA
CUSCO,QUISPICANCHI,OCONGATE,CCATCA - NEAREST 2KM
CUSCO,QUISPICANCHI,OCONGATE,COCHASIQUI
CUSCO,QUISPICANCHI,OCONGATE,GERUNACANCHA
CUSCO,QUISPICANCHI,OCONGATE,HATUMPAMPA
CUSCO,QUISPICANCHI,OCONGATE,HATUNLLOCLLA
CUSCO,QUISPICANCHI,OCONGATE,HUALLAHUALLA
CUSCO,QUISPICANCHI,OCONGATE,JAPOPATA
CUSCO,QUISPICANCHI,OCONGATE,LAKALAKA
CUSCO,QUISPICANCHI,OCONGATE,LLULLUCHA
CUSCO,QUISPICANCHI,OCONGATE,OCONGATE - NEAREST 2KM
CUSCO,QUISPICANCHI,OCONGATE,PICOTANI YANACANCHA
CUSCO,QUISPICANCHI,OCONGATE,QUECHAPAMPA
CUSCO,QUISPICANCHI,OCONGATE,RUMICHACA YANACANCHA
CUSCO,QUISPICANCHI,OCONGATE,SONDORUYOC
CUSCO,QUISPICANCHI,OROPESA,OROPESA - NEAREST 2KM
CUSCO,QUISPICANCHI,OROPESA,PUCARA
CUSCO,QUISPICANCHI,OROPESA,SAYLLA - NEAREST 2KM
CUSCO,QUISPICANCHI,QUIQUIJANA,ANTALLACTA
CUSCO,QUISPICANCHI,QUIQUIJANA,CALLQUI
CUSCO,QUISPICANCHI,QUIQUIJANA,CCAUCHANI
CUSCO,QUISPICANCHI,QUIQUIJANA,CCORIMARCA
CUSCO,QUISPICANCHI,QUIQUIJANA,CHAPUPATA
CUSCO,QUISPICANCHI,QUIQUIJANA,COCHACUCHO
CUSCO,QUISPICANCHI,QUIQUIJANA,CUCHUYRUMI
CUSCO,QUISPICANCHI,QUIQUIJANA,HUACOS
CUSCO,QUISPICANCHI,QUIQUIJANA,HUANCOYANCAY
CUSCO,QUISPICANCHI,QUIQUIJANA,HUASAMAYO
CUSCO,QUISPICANCHI,QUIQUIJANA,HUATHUALAGUNA
CUSCO,QUISPICANCHI,QUIQUIJANA,HUAYLLAHUAYLLA ALTO
CUSCO,QUISPICANCHI,QUIQUIJANA,HUILCANI
CUSCO,QUISPICANCHI,QUIQUIJANA,HUISCA
CUSCO,QUISPICANCHI,QUIQUIJANA,JAPO
CUSCO,QUISPICANCHI,QUIQUIJANA,JARQUE
CUSCO,QUISPICANCHI,QUIQUIJANA,KISACANCHA
CUSCO,QUISPICANCHI,QUIQUIJANA,LLACTASACHAC
CUSCO,QUISPICANCHI,QUIQUIJANA,MANCORAN
CUSCO,QUISPICANCHI,QUIQUIJANA,MAYUHUASI
CUSCO,QUISPICANCHI,QUIQUIJANA,NINABAMBA
CUSCO,QUISPICANCHI,QUIQUIJANA,OCONGATE - NEAREST 2KM
CUSCO,QUISPICANCHI,QUIQUIJANA,POMAQOCHA
CUSCO,QUISPICANCHI,QUIQUIJANA,PUCACOCHA
CUSCO,QUISPICANCHI,QUIQUIJANA,QUELLOCOCHA
CUSCO,QUISPICANCHI,QUIQUIJANA,QUELLOHUAYLLA
CUSCO,QUISPICANCHI,QUIQUIJANA,QUERACCASA
CUSCO,QUISPICANCHI,QUIQUIJANA,QUILCOHUAMAN
CUSCO,QUISPICANCHI,QUIQUIJANA,QUIQUIJANA - NEAREST 2KM
CUSCO,QUISPICANCHI,QUIQUIJANA,SAN JOSE
CUSCO,QUISPICANCHI,QUIQUIJANA,SIUSI
CUSCO,QUISPICANCHI,QUIQUIJANA,SULLUMAYO CHICO
CUSCO,QUISPICANCHI,QUIQUIJANA,URCOS - NEAREST 2KM
CUSCO,QUISPICANCHI,URCOS,ACCOPIA
CUSCO,QUISPICANCHI,URCOS,CANCHACANCHA
CUSCO,QUISPICANCHI,URCOS,CCATCA - NEAREST 2KM
CUSCO,QUISPICANCHI,URCOS,QUELLOHUAYLLA
CUSCO,QUISPICANCHI,URCOS,SAN JOSE
CUSCO,QUISPICANCHI,URCOS,SIUSA
CUSCO,QUISPICANCHI,URCOS,TTICAPALLANA
CUSCO,QUISPICANCHI,URCOS,URCOS - NEAREST 2KM
CUSCO,URUBAMBA,CHINCHERO,CHINCHERO - NEAREST 2KM
CUSCO,URUBAMBA,HUAYLLABAMBA,CHINCHERO - NEAREST 2KM
CUSCO,URUBAMBA,HUAYLLABAMBA,HUAYLLABAMBA - NEAREST 2KM
CUSCO,URUBAMBA,HUAYLLABAMBA,SAUSO
CUSCO,URUBAMBA,HUAYLLABAMBA,TRANCA
CUSCO,URUBAMBA,MACHUPICCHU,CEDRO BAMBA
CUSCO,URUBAMBA,MACHUPICCHU,CHACHABAMBA
CUSCO,URUBAMBA,MACHUPICCHU,HUAYLLABAMBA
CUSCO,URUBAMBA,MACHUPICCHU,HUAYRURO
CUSCO,URUBAMBA,MACHUPICCHU,MACHUPICCHU - NEAREST 2KM
CUSCO,URUBAMBA,MACHUPICCHU,PAMPACCAHUA
CUSCO,URUBAMBA,MACHUPICCHU,QUENTE
CUSCO,URUBAMBA,MARAS,MARAS - NEAREST 2KM
CUSCO,URUBAMBA,MARAS,OLLANTAYTAMBO - NEAREST 2KM
CUSCO,URUBAMBA,MARAS,PAUCARBAMBA
CUSCO,URUBAMBA,OLLANTAYTAMBO,CHURUMAYO
CUSCO,URUBAMBA,OLLANTAYTAMBO,HUACRATRANCA
CUSCO,URUBAMBA,OLLANTAYTAMBO,MALAGA
CUSCO,URUBAMBA,OLLANTAYTAMBO,OCOBAMBA /7 - NEAREST 2KM
CUSCO,URUBAMBA,OLLANTAYTAMBO,OLLANTAYTAMBO - NEAREST 2KM
CUSCO,URUBAMBA,OLLANTAYTAMBO,PAMPACAHUANA
CUSCO,URUBAMBA,OLLANTAYTAMBO,PANTANAY
CUSCO,URUBAMBA,OLLANTAYTAMBO,QUESCCA
CUSCO,URUBAMBA,OLLANTAYTAMBO,SEPILLO
CUSCO,URUBAMBA,OLLANTAYTAMBO,TASTAYOC
CUSCO,URUBAMBA,OLLANTAYTAMBO,YAURICUNCA
CUSCO,URUBAMBA,URUBAMBA,LARES - NEAREST 2KM
CUSCO,URUBAMBA,URUBAMBA,SUTOC PACHA
CUSCO,URUBAMBA,URUBAMBA,URUBAMBA - NEAREST 2KM
CUSCO,URUBAMBA,YUCAY,HUAYLLABAMBA - NEAREST 2KM
CUSCO,URUBAMBA,YUCAY,YUCAY - NEAREST 2KM